Record Date,Table Name,Maturity,Previous Month Year,Rate Used for Previous Month Year,Current Month Year,Rate Indicated for Current Month Year,Rate Change,Source Line Number
2024-02-01,February 2024 Specific Maturities,1 Year,January 2024,5-1/8%,February 2024,4-3/4%,-3/8%,1
2024-02-01,February 2024 Specific Maturities,5 Years,January 2024,4-1/8%,February 2024,3-7/8%,-1/4%,2
2024-02-01,February 2024 Specific Maturities,15 Years,January 2024,4-3/8%,February 2024,4-1/4%,-1/8%,3
2024-02-01,February 2024 Specific Maturities,20 Years,January 2024,4-1/2%,February 2024,4-1/4%,-1/4%,4
2024-01-02,January 2024 Specific Maturities,1 Year,December 2023,5-3/8%,January 2024,5-1/8%,-1/4%,1
2024-01-02,January 2024 Specific Maturities,5 Years,December 2023,4-5/8%,January 2024,4-1/8%,-1/2%,2
2024-01-02,January 2024 Specific Maturities,15 Years,December 2023,4-7/8%,January 2024,4-3/8%,-1/2%,3
2024-01-02,January 2024 Specific Maturities,20 Years,December 2023,5%,January 2024,4-1/2%,-1/2%,4
2023-12-01,December 2023 Specific Maturities,1 Year,November 2023,5-1/2%,December 2023,5-3/8%,-1/8%,1
2023-12-01,December 2023 Specific Maturities,5 Years,November 2023,4-3/4%,December 2023,4-5/8%,-1/8%,2
2023-12-01,December 2023 Specific Maturities,15 Years,November 2023,4-7/8%,December 2023,4-7/8%,unch,3
2023-12-01,December 2023 Specific Maturities,20 Years,November 2023,5%,December 2023,5%,unch,4
2023-11-01,November 2023 Specific Maturities,1 Year,October 2023,5-3/8%,November 2023,5-1/2%,+1/8%,1
2023-11-01,November 2023 Specific Maturities,5 Years,October 2023,4-3/8%,November 2023,4-3/4%,+3/8%,2
2023-11-01,November 2023 Specific Maturities,15 Years,October 2023,4-1/2%,November 2023,4-7/8%,+3/8%,3
2023-11-01,November 2023 Specific Maturities,20 Years,October 2023,4-1/2%,November 2023,5%,+1/2%,4
2023-10-02,October 2023 Specific Maturities,1 Year,September 2023,5-3/8%,October 2023,5-3/8%,unch,1
2023-10-02,October 2023 Specific Maturities,5 Years,September 2023,4-1/4%,October 2023,4-3/8%,+1/8%,2
2023-10-02,October 2023 Specific Maturities,15 Years,September 2023,4-1/4%,October 2023,4-1/2%,+1/4%,3
2023-10-02,October 2023 Specific Maturities,20 Years,September 2023,4-3/8%,October 2023,4-1/2%,+1/8%,4
2023-09-01,September 2023 Specific Maturities,1 Year,August 2023,5-3/8%,September 2023,5-3/8%,unch,1
2023-09-01,September 2023 Specific Maturities,5 Years,August 2023,4-1/8%,September 2023,4-1/4%,+1/8%,2
2023-09-01,September 2023 Specific Maturities,15 Years,August 2023,4%,September 2023,4-1/4%,+1/4%,3
2023-09-01,September 2023 Specific Maturities,20 Years,August 2023,4-1/8%,September 2023,4-3/8%,+1/4%,4
2023-08-01,August 2023 Specific Maturities,1 Year,July 2023,5-1/8%,August 2023,5-3/8%,+1/4%,1
2023-08-01,August 2023 Specific Maturities,5 Years,July 2023,3-7/8%,August 2023,4-1/8%,+1/4%,2
2023-08-01,August 2023 Specific Maturities,15 Years,July 2023,4%,August 2023,4%,unch,3
2023-08-01,August 2023 Specific Maturities,20 Years,July 2023,4-1/8%,August 2023,4-1/8%,unch,4
2023-07-03,July 2023 Specific Maturities,1 Year,June 2023,4-3/4%,July 2023,5-1/8%,+3/8%,1
2023-07-03,July 2023 Specific Maturities,5 Years,June 2023,3-1/2%,July 2023,3-7/8%,+3/8%,2
2023-07-03,July 2023 Specific Maturities,15 Years,June 2023,3-3/4%,July 2023,0.04,+1/4%,3
2023-07-03,July 2023 Specific Maturities,20 Years,June 2023,3-7/8%,July 2023,4-1/8%,+1/4%,4
2023-05-01,May 2023 Specific Maturities,1 Year,April 2023,4-7/8%,May 2023,4-5/8%,-1/4%,1
2023-05-01,May 2023 Specific Maturities,5 Years,April 2023,4%,May 2023,3-1/2%,-1/2%,2
2023-05-01,May 2023 Specific Maturities,15 Years,April 2023,4%,May 2023,3-3/4%,-1/4%,3
2023-05-01,May 2023 Specific Maturities,20 Years,April 2023,4%,May 2023,3-7/8%,-1/8%,4
2023-04-03,April 2023 Specific Maturities,1 Year,March 2023,4-3/4%,April 2023,4-7/8%,+1/8%,1
2023-04-03,April 2023 Specific Maturities,5 Years,March 2023,3-3/4%,April 2023,4%,+1/4%,2
2023-04-03,April 2023 Specific Maturities,15 Years,March 2023,3-3/4%,April 2023,4%,+1/4%,3
2023-04-03,April 2023 Specific Maturities,20 Years,March 2023,3-7/8%,April 2023,4%,+1/8%,4
2023-03-01,March 2023 Specific Maturities,1 Year,February 2023,4-3/4%,March 2023,4-3/4%,unch,1
2023-03-01,March 2023 Specific Maturities,5 Years,February 2023,3-3/4%,March 2023,3-3/4%,unch,2
2023-03-01,March 2023 Specific Maturities,15 Years,February 2023,3-7/8%,March 2023,3-3/4%,-1/8%,3
2023-03-01,March 2023 Specific Maturities,20 Years,February 2023,3-7/8%,March 2023,3-7/8%,unch,4
2023-02-01,February 2023 Specific Maturities,1 Year,January 2023,4-3/4%,February 2023,4-3/4%,unch,1
2023-02-01,February 2023 Specific Maturities,5 Years,January 2023,3-3/4%,February 2023,3-3/4%,unch,2
2023-02-01,February 2023 Specific Maturities,15 Years,January 2023,3-3/4%,February 2023,3-7/8%,+1/8%,3
2023-02-01,February 2023 Specific Maturities,20 Years,January 2023,3-7/8%,February 2023,3-7/8%,unch,4
2023-01-03,January 2023 Specific Maturities,1 Year,December 2022,4-5/8%,January 2023,4-3/4%,+1/8%,1
2023-01-03,January 2023 Specific Maturities,5 Years,December 2022,4-1/8%,January 2023,3-3/4%,-3/8%,2
2023-01-03,January 2023 Specific Maturities,15 Years,December 2022,4-1/4%,January 2023,3-3/4%,-1/2%,3
2023-01-03,January 2023 Specific Maturities,20 Years,December 2022,4-3/8%,January 2023,3-7/8%,-1/2%,4
2022-12-01,December 2022 Specific Maturities,1 Year,November 2022,4-1/4%,December 2022,4-5/8%,+3/8%,1
2022-12-01,December 2022 Specific Maturities,5 Years,November 2022,4-1/8%,December 2022,4-1/8%,unch,2
2022-12-01,December 2022 Specific Maturities,15 Years,November 2022,4%,December 2022,4-1/4%,+1/4%,3
2022-12-01,December 2022 Specific Maturities,20 Years,November 2022,4-1/8%,December 2022,4-3/8%,+1/4%,4
2022-11-01,November 2022 Specific Maturities,1 Year,October 2022,3-5/8%,November 2022,4-1/4%,+5/8%,1
2022-11-01,November 2022 Specific Maturities,5 Years,October 2022,3-3/8%,November 2022,4-1/8%,+3/4%,2
2022-11-01,November 2022 Specific Maturities,15 Years,October 2022,3-1/2%,November 2022,4%,+1/2%,3
2022-11-01,November 2022 Specific Maturities,20 Years,October 2022,3-5/8%,November 2022,4-1/8%,+1/2%,4
2022-10-03,October 2022 Specific Maturities,1 Year,September 2022,3-1/8%,October 2022,3-5/8%,+1/2%,1
2022-10-03,October 2022 Specific Maturities,5 Years,September 2022,2-7/8%,October 2022,3-3/8%,+1/2%,2
2022-10-03,October 2022 Specific Maturities,15 Years,September 2022,3-1/8%,October 2022,3-1/2%,+3/8%,3
2022-10-03,October 2022 Specific Maturities,20 Years,September 2022,3-1/4%,October 2022,3-5/8%,+3/8%,4
2022-09-01,September 2022 Specific Maturities,1 Year,August 2022,3%,September 2022,3-1/8%,+1/8%,1
2022-09-01,September 2022 Specific Maturities,5 Years,August 2022,3-1/8%,September 2022,2-7/8%,-1/4%,2
2022-09-01,September 2022 Specific Maturities,15 Years,August 2022,3-1/4%,September 2022,3-1/8%,-1/8%,3
2022-09-01,September 2022 Specific Maturities,20 Years,August 2022,3-3/8%,September 2022,3-1/4%,-1/8%,4
2022-08-01,August 2022 Specific Maturities,1 Year,July 2022,2-3/8%,August 2022,3%,+5/8%,1
2022-08-01,August 2022 Specific Maturities,5 Years,July 2022,3%,August 2022,3-1/8%,+1/8%,2
2022-08-01,August 2022 Specific Maturities,15 Years,July 2022,3-1/4%,August 2022,3-1/4%,unch,3
2022-08-01,August 2022 Specific Maturities,20 Years,July 2022,3-3/8%,August 2022,3-3/8%,unch,4
2022-07-01,July 2022 Specific Maturities,1 Year,June 2022,2%,July 2022,2-3/8%,+3/8%,1
2022-07-01,July 2022 Specific Maturities,5 Years,June 2022,2-7/8%,July 2022,3%,+1/8%,2
2022-07-01,July 2022 Specific Maturities,15 Years,June 2022,3-1/8%,July 2022,3-1/4%,+1/8%,3
2022-07-01,July 2022 Specific Maturities,20 Years,June 2022,3-1/4%,July 2022,3-3/8%,+1/8%,4
2022-06-01,June 2022 Specific Maturities,1 Year,May 2022,1-3/4%,June 2022,2%,+1/4%,1
2022-06-01,June 2022 Specific Maturities,5 Years,May 2022,2-5/8%,June 2022,2-7/8%,+1/4%,2
2022-06-01,June 2022 Specific Maturities,15 Years,May 2022,2-3/4%,June 2022,3-1/8%,+3/8%,3
2022-06-01,June 2022 Specific Maturities,20 Years,May 2022,2-7/8%,June 2022,3-1/4%,+3/8%,4
2022-05-02,May 2022 Specific Maturities,1 Year,April 2022,1-1/8%,May 2022,1-3/4%,+5/8%,1
2022-05-02,May 2022 Specific Maturities,5 Years,April 2022,1-7/8%,May 2022,2-5/8%,+3/4%,2
2022-05-02,May 2022 Specific Maturities,15 Years,April 2022,2-1/4%,May 2022,2-3/4%,+1/2%,3
2022-05-02,May 2022 Specific Maturities,20 Years,April 2022,2-3/8%,May 2022,2-7/8%,+1/2%,4
2022-04-01,April 2022 Specific Maturities,1 year,March 2022,7/8%,April 2022,1-1/8%,+1/4%,1
2022-04-01,April 2022 Specific Maturities,5 years,March 2022,1-3/4%,April 2022,1-7/8%,+1/8%,2
2022-04-01,April 2022 Specific Maturities,15 years,March 2022,2-1/8%,April 2022,2-1/4%,+1/8%,3
2022-04-01,April 2022 Specific Maturities,20 years,March 2022,2-1/4%,April 2022,2-3/8%,+1/8%,4
2022-03-01,March 2022 Specific Maturities,1 year,February 2022,3/8%,March 2022,7/8%,+1/2%,1
2022-03-01,March 2022 Specific Maturities,5 years,February 2022,1-3/8%,March 2022,1-3/4%,+3/8%,2
2022-03-01,March 2022 Specific Maturities,15 years,February 2022,2%,March 2022,2-1/8%,+1/8%,3
2022-03-01,March 2022 Specific Maturities,20 years,February 2022,2-1/8%,March 2022,2-1/4%,+1/8%,4
2022-02-01,February 2022 Specific Maturities,1 year,January 2022,1/4%,February 2022,3/8%,+1/8%,1
2022-02-01,February 2022 Specific Maturities,5 years,January 2022,1-1/4%,February 2022,1-3/8%,+1/8%,2
2022-02-01,February 2022 Specific Maturities,15 years,January 2022,1-3/4%,February 2022,2%,+1/4%,3
2022-02-01,February 2022 Specific Maturities,20 years,January 2022,1-7/8%,February 2022,2-1/8%,+1/4%,4
2022-01-03,January 2022 Specific Maturities,1 year,December 2021,1/8%,January 2022,1/4%,+1/8%,1
2022-01-03,January 2022 Specific Maturities,5 years,December 2021,1-1/8%,January 2022,1-1/4%,+1/8%,2
2022-01-03,January 2022 Specific Maturities,15 years,December 2021,1-7/8%,January 2022,1-3/4%,-1/8%,3
2022-01-03,January 2022 Specific Maturities,20 years,December 2021,2%,January 2022,1-7/8%,-1/8%,4
2021-12-01,December 2021 Specific Maturities,1 year,November 2021,1/8%,December 2021,1/8%,unch,1
2021-12-01,December 2021 Specific Maturities,5 years,November 2021,1%,December 2021,1-1/8%,+1/8%,2
2021-12-01,December 2021 Specific Maturities,15 years,November 2021,1-3/4%,December 2021,1-7/8%,+1/8%,3
2021-12-01,December 2021 Specific Maturities,20 years,November 2021,2%,December 2021,2%,unch,4
2021-11-01,November 2021 Specific Maturities,1 year,October 2021,1/8%,November 2021,1/8%,unch,1
2021-11-01,November 2021 Specific Maturities,5 years,October 2021,3/4%,November 2021,1%,+1/4%,2
2021-11-01,November 2021 Specific Maturities,15 years,October 2021,1-5/8%,November 2021,1-3/4%,+1/8%,3
2021-11-01,November 2021 Specific Maturities,20 years,October 2021,1-7/8%,November 2021,2%,+1/8%,4
2021-10-01,October 2021 Specific Maturities,1 year,September 2021,1/8%,October 2021,1/8%,unch,1
2021-10-01,October 2021 Specific Maturities,5 years,September 2021,3/4%,October 2021,3/4%,unch,2
2021-10-01,October 2021 Specific Maturities,15 years,September 2021,1-5/8%,October 2021,1-5/8%,unch,3
2021-10-01,October 2021 Specific Maturities,20 years,September 2021,1-7/8%,October 2021,1-7/8%,unch,4
2021-09-01,September 2021 Specific Maturities,1 year,August 2021,1/8%,September 2021,1/8%,unch,1
2021-09-01,September 2021 Specific Maturities,5 years,August 2021,7/8%,September 2021,3/4%,-1/8%,2
2021-09-01,September 2021 Specific Maturities,15 years,August 2021,1-3/4%,September 2021,1-5/8%,-1/8%,3
2021-09-01,September 2021 Specific Maturities,20 years,August 2021,2%,September 2021,1-7/8%,-1/8%,4
2021-08-02,August 2021 Specific Maturities,1 year,July 2021,1/8%,August 2021,1/8%,unch,1
2021-08-02,August 2021 Specific Maturities,5 years,July 2021,3/4%,August 2021,7/8%,+1/8%,2
2021-08-02,August 2021 Specific Maturities,15 years,July 2021,1-7/8%,August 2021,1-3/4%,-1/8%,3
2021-08-02,August 2021 Specific Maturities,20 years,July 2021,2-1/8%,August 2021,2%,-1/8%,4
2021-07-01,July 2021 Specific Maturities,1 year,June 2021,1/8%,July 2021,1/8%,unch,1
2021-07-01,July 2021 Specific Maturities,5 years,June 2021,7/8%,July 2021,3/4%,-1/8%,2
2021-07-01,July 2021 Specific Maturities,15 years,June 2021,2%,July 2021,1-7/8%,-1/8%,3
2021-07-01,July 2021 Specific Maturities,20 years,June 2021,2-1/4%,July 2021,2-1/8%,-1/8%,4
2021-06-01,June 2021 Specific Maturities,1 year,May 2021,1/8%,June 2021,1/8%,unch,1
2021-06-01,June 2021 Specific Maturities,5 years,May 2021,7/8%,June 2021,7/8%,unch,2
2021-06-01,June 2021 Specific Maturities,15 years,May 2021,2%,June 2021,2%,unch,3
2021-06-01,June 2021 Specific Maturities,20 years,May 2021,2-1/4%,June 2021,2-1/4%,unch,4
2021-05-03,May 2021 Specific Maturities,1 year,April 2021,1/8%,May 2021,1/8%,unch,1
2021-05-03,May 2021 Specific Maturities,5 years,April 2021,3/4%,May 2021,7/8%,+1/8%,2
2021-05-03,May 2021 Specific Maturities,15 years,April 2021,2%,May 2021,2%,unch,3
2021-05-03,May 2021 Specific Maturities,20 years,April 2021,2-1/8%,May 2021,2-1/4%,+1/8%,4
2021-04-01,April 2021 Specific Maturities,1 year,March 2021,1/8%,April 2021,1/8%,unch,1
2021-04-01,April 2021 Specific Maturities,5 years,March 2021,1/2%,April 2021,3/4%,+1/4%,2
2021-04-01,April 2021 Specific Maturities,15 years,March 2021,1-1/2%,April 2021,2%,+1/2%,3
2021-04-01,April 2021 Specific Maturities,20 years,March 2021,1-3/4%,April 2021,2-1/8%,+3/8%,4
2021-03-01,March 2021 Specific Maturities,1 year,February 2021,1/8%,March 2021,1/8%,unch,1
2021-03-01,March 2021 Specific Maturities,5 years,February 2021,3/8%,March 2021,1/2%,+1/8%,2
2021-03-01,March 2021 Specific Maturities,15 years,February 2021,1-3/8%,March 2021,1-1/2%,+1/8%,3
2021-03-01,March 2021 Specific Maturities,20 years,February 2021,1-1/2%,March 2021,1-3/4%,+1/4%,4
2021-02-01,February 2021 Specific Maturities,1 year,January 2021,1/8%,February 2021,1/8%,unch,1
2021-02-01,February 2021 Specific Maturities,5 years,January 2021,3/8%,February 2021,3/8%,unch,2
2021-02-01,February 2021 Specific Maturities,15 years,January 2021,1-1/4%,February 2021,1-3/8%,+1/8%,3
2021-02-01,February 2021 Specific Maturities,20 years,January 2021,1-1/2%,February 2021,1-1/2%,unch,4
2021-01-04,January 2021 Specific Maturities,1 year,December 2020,1/8%,January 2021,1/8%,unch,1
2021-01-04,January 2021 Specific Maturities,5 years,December 2020,3/8%,January 2021,3/8%,unch,2
2021-01-04,January 2021 Specific Maturities,15 years,December 2020,1-1/8%,January 2021,1-1/4%,+1/8%,3
2021-01-04,January 2021 Specific Maturities,20 years,December 2020,1-3/8%,January 2021,1-1/2%,+1/8%,4
2020-12-01,December 2020 Specific Maturities,1 year,November 2020,1/8%,December 2020,1/8%,unch,1
2020-12-01,December 2020 Specific Maturities,5 years,November 2020,1/4%,December 2020,3/8%,+1/8%,2
2020-12-01,December 2020 Specific Maturities,15 years,November 2020,1%,December 2020,1-1/8%,+1/8%,3
2020-12-01,December 2020 Specific Maturities,20 years,November 2020,1-1/4%,December 2020,1-3/8%,+1/8%,4
2020-11-02,November 2020 Specific Maturities,1 year,October 2020,1/8%,November 2020,1/8%,unch,1
2020-11-02,November 2020 Specific Maturities,5 years,October 2020,1/4%,November 2020,1/4%,unch,2
2020-11-02,November 2020 Specific Maturities,15 years,October 2020,1%,November 2020,1%,unch,3
2020-11-02,November 2020 Specific Maturities,20 years,October 2020,1-1/4%,November 2020,1-1/4%,unch,4
2020-10-01,October 2020 Specific Maturities,1 year,September 2020,1/8%,October 2020,1/8%,unch,1
2020-10-01,October 2020 Specific Maturities,5 years,September 2020,1/4%,October 2020,1/4%,unch,2
2020-10-01,October 2020 Specific Maturities,15 years,September 2020,7/8%,October 2020,1%,+1/8%,3
2020-10-01,October 2020 Specific Maturities,20 years,September 2020,1-1/8%,October 2020,1-1/4%,+1/8%,4
2020-09-01,September 2020 Specific Maturities,1 year,August 2020,1/8%,September 2020,1/8%,unch,1
2020-09-01,September 2020 Specific Maturities,5 years,August 2020,1/4%,September 2020,1/4%,unch,2
2020-09-01,September 2020 Specific Maturities,15 years,August 2020,7/8%,September 2020,7/8%,unch,3
2020-09-01,September 2020 Specific Maturities,20 years,August 2020,1-1/8%,September 2020,1-1/8%,unch,4
2020-08-03,August 2020 Specific Maturities,1 year,July 2020,1/8%,August 2020,1/8%,unch,1
2020-08-03,August 2020 Specific Maturities,5 years,July 2020,3/8%,August 2020,1/4%,-1/8%,2
2020-08-03,August 2020 Specific Maturities,15 years,July 2020,1%,August 2020,7/8%,-1/8%,3
2020-08-03,August 2020 Specific Maturities,20 years,July 2020,1-1/4%,August 2020,1-1/8%,-1/8%,4
2020-07-01,July 2020 Specific Maturities,1 year,June 2020,1/8%,July 2020,1/8%,unch,1
2020-07-01,July 2020 Specific Maturities,5 years,June 2020,3/8%,July 2020,3/8%,unch,2
2020-07-01,July 2020 Specific Maturities,15 years,June 2020,7/8%,July 2020,1%,+1/8%,3
2020-07-01,July 2020 Specific Maturities,20 years,June 2020,1-1/8%,July 2020,1-1/4%,+1/8%,4
2020-06-01,June 2020 Specific Maturities,1 year,May 2020,1/8%,June 2020,1/8%,unch,1
2020-06-01,June 2020 Specific Maturities,5 years,May 2020,3/8%,June 2020,3/8%,unch,2
2020-06-01,June 2020 Specific Maturities,15 years,May 2020,7/8%,June 2020,7/8%,unch,3
2020-06-01,June 2020 Specific Maturities,20 years,May 2020,1-1/8%,June 2020,1-1/8%,unch,4
2020-05-01,May 2020 Specific Maturities,1 year,April 2020,5/8%,May 2020,1/8%,-1/2%,1
2020-05-01,May 2020 Specific Maturities,5 years,April 2020,3/4%,May 2020,3/8%,-3/8%,2
2020-05-01,May 2020 Specific Maturities,15 years,April 2020,1-1/4%,May 2020,7/8%,-3/8%,3
2020-05-01,May 2020 Specific Maturities,20 years,April 2020,1-3/8%,May 2020,1-1/8%,-1/4%,4
2020-04-01,April 2020 Specific Maturities,1 year,March 2020,1-1/2%,April 2020,5/8%,-7/8%,1
2020-04-01,April 2020 Specific Maturities,5 years,March 2020,1-3/8%,April 2020,3/4%,-5/8%,2
2020-04-01,April 2020 Specific Maturities,15 years,March 2020,1-3/4%,April 2020,1-1/4%,-1/2%,3
2020-04-01,April 2020 Specific Maturities,20 years,March 2020,1-7/8%,April 2020,1-3/8%,-1/2%,4
2020-03-02,March 2020 Specific Maturities,1 year,February 2020,1-1/2%,March 2020,1-1/2%,unch,1
2020-03-02,March 2020 Specific Maturities,5 years,February 2020,1-5/8%,March 2020,1-3/8%,-1/4%,2
2020-03-02,March 2020 Specific Maturities,15 years,February 2020,2%,March 2020,1-3/4%,-1/4%,3
2020-03-02,March 2020 Specific Maturities,20 years,February 2020,2-1/8%,March 2020,1-7/8%,-1/4%,4
2020-02-03,February 2020 Specific Maturities,1 year,January 2020,1-1/2%,February 2020,1-1/2%,unch,1
2020-02-03,February 2020 Specific Maturities,5 years,January 2020,1-5/8%,February 2020,1-5/8%,unch,2
2020-02-03,February 2020 Specific Maturities,15 years,January 2020,2%,February 2020,2%,unch,3
2020-02-03,February 2020 Specific Maturities,20 years,January 2020,2-1/8%,February 2020,2-1/8%,unch,4
2020-01-02,January 2020 Specific Maturities,1 year,December 2019,1-5/8%,January 2020,1-1/2%,-1/8%,1
2020-01-02,January 2020 Specific Maturities,5 years,December 2019,1-5/8%,January 2020,1-5/8%,unch,2
2020-01-02,January 2020 Specific Maturities,15 years,December 2019,2%,January 2020,2%,unch,3
2020-01-02,January 2020 Specific Maturities,20 years,December 2019,2-1/8%,January 2020,2-1/8%,unch,4
2019-12-02,December 2019 Specific Maturities,1 year,November 2019,1-5/8%,December 2019,1-5/8%,unch,1
2019-12-02,December 2019 Specific Maturities,5 years,November 2019,1-1/2%,December 2019,1-5/8%,+1/8%,2
2019-12-02,December 2019 Specific Maturities,15 years,November 2019,1-3/4%,December 2019,2%,+1/4%,3
2019-12-02,December 2019 Specific Maturities,20 years,November 2019,2%,December 2019,2-1/8%,+1/8%,4
2019-11-01,November 2019 Specific Maturities,1 year,October 2019,1-3/4%,November 2019,1-5/8%,-1/8%,1
2019-11-01,November 2019 Specific Maturities,5 years,October 2019,1-1/2%,November 2019,1-1/2%,unch,2
2019-11-01,November 2019 Specific Maturities,15 years,October 2019,1-3/4%,November 2019,1-3/4%,unch,3
2019-11-01,November 2019 Specific Maturities,20 years,October 2019,1-7/8%,November 2019,2%,+1/8%,4
2019-10-01,October 2019 Specific Maturities,1 year,September 2019,1-7/8%,October 2019,1-3/4%,-1/8%,1
2019-10-01,October 2019 Specific Maturities,5 years,September 2019,1-5/8%,October 2019,1-1/2%,-1/8%,2
2019-10-01,October 2019 Specific Maturities,15 years,September 2019,2%,October 2019,1-3/4%,-1/4%,3
2019-10-01,October 2019 Specific Maturities,20 years,September 2019,2-1/8%,October 2019,1-7/8%,-1/4%,4
2019-09-03,September 2019 Specific Maturities,1 year,August 2019,2%,September 2019,1-7/8%,-1/8%,1
2019-09-03,September 2019 Specific Maturities,5 years,August 2019,1-3/4%,September 2019,1-5/8%,-1/8%,2
2019-09-03,September 2019 Specific Maturities,15 years,August 2019,2-1/4%,September 2019,2%,-1/4%,3
2019-09-03,September 2019 Specific Maturities,20 years,August 2019,2-3/8%,September 2019,2-1/8%,-1/4%,4
2019-08-01,August 2019 Specific Maturities,1 year,July 2019,2-1/8%,August 2019,2%,-1/8%,1
2019-08-01,August 2019 Specific Maturities,5 years,July 2019,1-7/8%,August 2019,1-3/4%,-1/8%,2
2019-08-01,August 2019 Specific Maturities,15 years,July 2019,2-1/4%,August 2019,2-1/4%,unch,3
2019-08-01,August 2019 Specific Maturities,20 years,July 2019,2-3/8%,August 2019,2-3/8%,unch,4
2019-07-01,July 2019 Specific Maturities,1 year,June 2019,2-3/8%,July 2019,2-1/8%,-1/4%,1
2019-07-01,July 2019 Specific Maturities,5 years,June 2019,2-1/4%,July 2019,1-7/8%,-3/8%,2
2019-07-01,July 2019 Specific Maturities,15 years,June 2019,2-5/8%,July 2019,2-1/4%,-3/8%,3
2019-07-01,July 2019 Specific Maturities,20 years,June 2019,2-3/4%,July 2019,2-3/8%,-3/8%,4
2019-06-03,June 2019 Specific Maturities,1 year,May 2019,2-3/8%,June 2019,2-3/8%,unch,1
2019-06-03,June 2019 Specific Maturities,5 years,May 2019,2-1/4%,June 2019,2-1/4%,unch,2
2019-06-03,June 2019 Specific Maturities,15 years,May 2019,2-5/8%,June 2019,2-5/8%,unch,3
2019-06-03,June 2019 Specific Maturities,20 years,May 2019,2-3/4%,June 2019,2-3/4%,unch,4
2019-05-01,May 2019 Specific Maturities,1 year,April 2019,2-1/2%,May 2019,2-3/8%,-1/8%,1
2019-05-01,May 2019 Specific Maturities,5 years,April 2019,2-1/2%,May 2019,2-1/4%,-1/4%,2
2019-05-01,May 2019 Specific Maturities,15 years,April 2019,2-3/4%,May 2019,2-5/8%,-1/8%,3
2019-05-01,May 2019 Specific Maturities,20 years,April 2019,2-7/8%,May 2019,2-3/4%,-1/8%,4
2019-04-01,April 2019 Specific Maturities,1 year,March 2019,2-5/8%,April 2019,2-1/2%,-1/8%,1
2019-04-01,April 2019 Specific Maturities,5 years,March 2019,2-1/2%,April 2019,2-1/2%,unch,2
2019-04-01,April 2019 Specific Maturities,15 years,March 2019,2-3/4%,April 2019,2-3/4%,unch,3
2019-04-01,April 2019 Specific Maturities,20 years,March 2019,2-7/8%,April 2019,2-7/8%,unch,4
2019-03-01,March 2019 Specific Maturities,1 year,February 2019,2-5/8%,March 2019,2-5/8%,unch,1
2019-03-01,March 2019 Specific Maturities,5 years,February 2019,2-1/2%,March 2019,2-1/2%,unch,2
2019-03-01,March 2019 Specific Maturities,15 years,February 2019,2-7/8%,March 2019,2-3/4%,-1/8%,3
2019-03-01,March 2019 Specific Maturities,20 years,February 2019,2-7/8%,March 2019,2-7/8%,unch,4
2019-02-01,February 2019 Specific Maturities,1 year,January 2019,2-5/8%,February 2019,2-5/8%,unch,1
2019-02-01,February 2019 Specific Maturities,5 years,January 2019,2-3/4%,February 2019,2-1/2%,-1/4%,2
2019-02-01,February 2019 Specific Maturities,15 years,January 2019,3%,February 2019,2-7/8%,-1/8%,3
2019-02-01,February 2019 Specific Maturities,20 years,January 2019,3-1/8%,February 2019,2-7/8%,-1/4%,4
2019-01-02,January 2019 Specific Maturities,1 year,December 2018,2-3/4%,January 2019,2-5/8%,-1/8%,1
2019-01-02,January 2019 Specific Maturities,5 years,December 2018,3%,January 2019,2-3/4%,-1/4%,2
2019-01-02,January 2019 Specific Maturities,15 years,December 2018,3-1/4%,January 2019,3%,-1/4%,3
2019-01-02,January 2019 Specific Maturities,20 years,December 2018,3-1/4%,January 2019,3-1/8%,-1/8%,4
2018-12-03,December 2018 Specific Maturities,1 year,November 2018,2-5/8%,December 2018,2-3/4%,+1/8%,1
2018-12-03,December 2018 Specific Maturities,5 years,November 2018,3%,December 2018,3%,unch,2
2018-12-03,December 2018 Specific Maturities,15 years,November 2018,3-1/8%,December 2018,3-1/4%,+1/8%,3
2018-12-03,December 2018 Specific Maturities,20 years,November 2018,3-1/4%,December 2018,3-1/4%,unch,4
2018-11-01,November 2018 Specific Maturities,1 year,October 2018,2-1/2%,November 2018,2-5/8%,+1/8%,1
2018-11-01,November 2018 Specific Maturities,5 years,October 2018,2-3/4%,November 2018,3%,+1/4%,2
2018-11-01,November 2018 Specific Maturities,15 years,October 2018,3%,November 2018,3-1/8%,+1/8%,3
2018-11-01,November 2018 Specific Maturities,20 years,October 2018,3%,November 2018,3-1/4%,+1/4%,4
2018-10-01,October 2018 Specific Maturities,1 year,September 2018,2-3/8%,October 2018,2-1/2%,+1/8%,1
2018-10-01,October 2018 Specific Maturities,5 years,September 2018,2-3/4%,October 2018,2-3/4%,unch,2
2018-10-01,October 2018 Specific Maturities,15 years,September 2018,3%,October 2018,3%,unch,3
2018-10-01,October 2018 Specific Maturities,20 years,September 2018,3%,October 2018,3%,unch,4
2018-09-04,September 2018 Specific Maturities,1 year,August 2018,2-3/8%,September 2018,2-3/8%,unch,1
2018-09-04,September 2018 Specific Maturities,5 years,August 2018,2-3/4%,September 2018,2-3/4%,unch,2
2018-09-04,September 2018 Specific Maturities,15 years,August 2018,2-7/8%,September 2018,3%,+1/8%,3
2018-09-04,September 2018 Specific Maturities,20 years,August 2018,2-7/8%,September 2018,3%,+1/8%,4
2018-08-01,August 2018 Specific Maturities,1 year,July 2018,2-1/4%,August 2018,2-3/8%,+1/8%,1
2018-08-01,August 2018 Specific Maturities,5 years,July 2018,2-3/4%,August 2018,2-3/4%,unch,2
2018-08-01,August 2018 Specific Maturities,15 years,July 2018,3%,August 2018,2-7/8%,-1/8%,3
2018-08-01,August 2018 Specific Maturities,20 years,July 2018,3%,August 2018,2-7/8%,-1/8%,4
2018-07-02,July 2018 Specific Maturities,1 year,June 2018,2-1/4%,July 2018,2-1/4%,unch,1
2018-07-02,July 2018 Specific Maturities,5 years,June 2018,2-7/8%,July 2018,2-3/4%,-1/8%,2
2018-07-02,July 2018 Specific Maturities,15 years,June 2018,3%,July 2018,3%,unch,3
2018-07-02,July 2018 Specific Maturities,20 years,June 2018,3-1/8%,July 2018,3%,-1/8%,4
2018-06-01,June 2018 Specific Maturities,1 year,May 2018,2-1/8%,June 2018,2-1/4%,+1/8%,1
2018-06-01,June 2018 Specific Maturities,5 years,May 2018,2-5/8%,June 2018,2-7/8%,+1/4%,2
2018-06-01,June 2018 Specific Maturities,15 years,May 2018,2-7/8%,June 2018,3%,+1/8%,3
2018-06-01,June 2018 Specific Maturities,20 years,May 2018,2-7/8%,June 2018,3-1/8%,+1/4%,4
2018-05-01,May 2018 Specific Maturities,1 year,April 2018,2%,May 2018,2-1/8%,+1/8%,1
2018-05-01,May 2018 Specific Maturities,5 years,April 2018,2-5/8%,May 2018,2-5/8%,unch,2
2018-05-01,May 2018 Specific Maturities,15 years,April 2018,3%,May 2018,2-7/8%,-1/8%,3
2018-05-01,May 2018 Specific Maturities,20 years,April 2018,3%,May 2018,2-7/8%,-1/8%,4
2018-04-02,April 2018 Specific Maturities,1 year,March 2018,1-7/8%,April 2018,2%,+1/8%,1
2018-04-02,April 2018 Specific Maturities,5 years,March 2018,2-1/2%,April 2018,2-5/8%,+1/8%,2
2018-04-02,April 2018 Specific Maturities,15 years,March 2018,2-7/8%,April 2018,3%,+1/8%,3
2018-04-02,April 2018 Specific Maturities,20 years,March 2018,2-7/8%,April 2018,3%,+1/8%,4
2018-03-01,March 2018 Specific Maturities,1 year,February 2018,1-3/4%,March 2018,1-7/8%,+1/8%,1
2018-03-01,March 2018 Specific Maturities,5 years,February 2018,2-1/4%,March 2018,2-1/2%,+1/4%,2
2018-03-01,March 2018 Specific Maturities,15 years,February 2018,2-5/8%,March 2018,2-7/8%,+1/4%,3
2018-03-01,March 2018 Specific Maturities,20 years,February 2018,2-5/8%,March 2018,2-7/8%,+1/4%,4
2018-02-01,February 2018 Specific Maturities,1 year,January 2018,1-5/8%,February 2018,1-3/4%,+1/8%,1
2018-02-01,February 2018 Specific Maturities,5 years,January 2018,2-1/8%,February 2018,2-1/4%,+1/8%,2
2018-02-01,February 2018 Specific Maturities,15 years,January 2018,2-1/2%,February 2018,2-5/8%,+1/8%,3
2018-02-01,February 2018 Specific Maturities,20 years,January 2018,2-5/8%,February 2018,2-5/8%,unch,4
2018-01-02,January 2018 Specific Maturities,1 year,December 2017,1-1/2%,January 2018,1-5/8%,+1/8%,1
2018-01-02,January 2018 Specific Maturities,5 years,December 2017,2%,January 2018,2-1/8%,+1/8%,2
2018-01-02,January 2018 Specific Maturities,15 years,December 2017,2-1/2%,January 2018,2-1/2%,unch,3
2018-01-02,January 2018 Specific Maturities,20 years,December 2017,2-5/8%,January 2018,2-5/8%,unch,4
2017-12-01,December 2017 Specific Maturities,1 year,November 2017,1-3/8%,December 2017,1-1/2%,+1/8%,1
2017-12-01,December 2017 Specific Maturities,5 years,November 2017,1-7/8%,December 2017,2%,+1/8%,2
2017-12-01,December 2017 Specific Maturities,15 years,November 2017,2-1/2%,December 2017,2-1/2%,unch,3
2017-12-01,December 2017 Specific Maturities,20 years,November 2017,2-5/8%,December 2017,2-5/8%,unch,4
2017-11-01,November 2017 Specific Maturities,1 year,October 2017,1-1/4%,November 2017,1-3/8%,+1/8%,1
2017-11-01,November 2017 Specific Maturities,5 years,October 2017,1-3/4%,November 2017,1-7/8%,+1/8%,2
2017-11-01,November 2017 Specific Maturities,15 years,October 2017,2-3/8%,November 2017,2-1/2%,+1/8%,3
2017-11-01,November 2017 Specific Maturities,20 years,October 2017,2-1/2%,November 2017,2-5/8%,+1/8%,4
2017-10-02,October 2017 Specific Maturities,1 year,September 2017,1-1/4%,October 2017,1-1/4%,unch,1
2017-10-02,October 2017 Specific Maturities,5 years,September 2017,1-3/4%,October 2017,1-3/4%,unch,2
2017-10-02,October 2017 Specific Maturities,15 years,September 2017,2-3/8%,October 2017,2-3/8%,unch,3
2017-10-02,October 2017 Specific Maturities,20 years,September 2017,2-5/8%,October 2017,2-1/2%,-1/8%,4
2017-09-01,September 2017 Specific Maturities,1 year,August 2017,1-1/4%,September 2017,1-1/4%,unch,1
2017-09-01,September 2017 Specific Maturities,5 years,August 2017,1-7/8%,September 2017,1-3/4%,-1/8%,2
2017-09-01,September 2017 Specific Maturities,15 years,August 2017,2-3/8%,September 2017,2-3/8%,unch,3
2017-09-01,September 2017 Specific Maturities,20 years,August 2017,2-5/8%,September 2017,2-5/8%,unch,4
2017-08-01,August 2017 Specific Maturities,1 year,July 2017,1-1/8%,August 2017,1-1/4%,+1/8%,1
2017-08-01,August 2017 Specific Maturities,5 years,July 2017,1-3/4%,August 2017,1-7/8%,+1/8%,2
2017-08-01,August 2017 Specific Maturities,15 years,July 2017,2-3/8%,August 2017,2-3/8%,unch,3
2017-08-01,August 2017 Specific Maturities,20 years,July 2017,2-5/8%,August 2017,2-5/8%,unch,4
2017-07-03,July 2017 Specific Maturities,1 year,June 2017,1-1/8%,July 2017,1-1/8%,unch,1
2017-07-03,July 2017 Specific Maturities,5 years,June 2017,1-7/8%,July 2017,1-3/4%,-1/8%,2
2017-07-03,July 2017 Specific Maturities,15 years,June 2017,2-1/2%,July 2017,2-3/8%,-1/8%,3
2017-07-03,July 2017 Specific Maturities,20 years,June 2017,2-3/4%,July 2017,2-5/8%,-1/8%,4
2017-06-01,June 2017 Specific Maturities,1 year,May 2017,1%,June 2017,1-1/8%,+1/8%,1
2017-06-01,June 2017 Specific Maturities,5 years,May 2017,1-7/8%,June 2017,1-7/8%,unch,2
2017-06-01,June 2017 Specific Maturities,15 years,May 2017,2-1/2%,June 2017,2-1/2%,unch,3
2017-06-01,June 2017 Specific Maturities,20 years,May 2017,2-3/4%,June 2017,2-3/4%,unch,4
2017-05-01,May 2017 Specific Maturities,1 year,April 2017,1%,May 2017,1%,unch,1
2017-05-01,May 2017 Specific Maturities,5 years,April 2017,2%,May 2017,1-7/8%,-1/8%,2
2017-05-01,May 2017 Specific Maturities,15 years,April 2017,2-5/8%,May 2017,2-1/2%,-1/8%,3
2017-05-01,May 2017 Specific Maturities,20 years,April 2017,2-7/8%,May 2017,2-3/4%,-1/8%,4
2017-04-03,April 2017 Specific Maturities,1 year,March 2017,7/8%,April 2017,1%,+1/8%,1
2017-04-03,April 2017 Specific Maturities,5 years,March 2017,1-7/8%,April 2017,2%,+1/8%,2
2017-04-03,April 2017 Specific Maturities,15 years,March 2017,2-5/8%,April 2017,2-5/8%,unch,3
2017-04-03,April 2017 Specific Maturities,20 years,March 2017,2-3/4%,April 2017,2-7/8%,+1/8%,4
2017-03-01,March 2017 Specific Maturities,1 year,February 2017,7/8%,March 2017,7/8%,unch,1
2017-03-01,March 2017 Specific Maturities,5 years,February 2017,2%,March 2017,1-7/8%,-1/8%,2
2017-03-01,March 2017 Specific Maturities,15 years,February 2017,2-5/8%,March 2017,2-5/8%,unch,3
2017-03-01,March 2017 Specific Maturities,20 years,February 2017,2-3/4%,March 2017,2-3/4%,unch,4
2017-02-01,February 2017 Specific Maturities,1 year,January 2017,7/8%,February 2017,7/8%,unch,1
2017-02-01,February 2017 Specific Maturities,5 years,January 2017,1-7/8%,February 2017,2%,1/8%,2
2017-02-01,February 2017 Specific Maturities,15 years,January 2017,2-5/8%,February 2017,2-5/8%,unch,3
2017-02-01,February 2017 Specific Maturities,20 years,January 2017,2-3/4%,February 2017,2-3/4%,unch,4
2017-01-03,January 2017 Specific Maturities,1 year,December 2016,3/4%,January 2017,7/8%,1/8%,1
2017-01-03,January 2017 Specific Maturities,5 years,December 2016,1-3/8%,January 2017,1-7/8%,1/2%,2
2017-01-03,January 2017 Specific Maturities,15 years,December 2016,2-1/8%,January 2017,2-5/8%,1/2%,3
2017-01-03,January 2017 Specific Maturities,20 years,December 2016,2-3/8%,January 2017,2-3/4%,3/8%,4
2016-12-01,December 2016 Specific Maturities,1 year,November 2016,5/8%,December 2016,3/4%,1/8%,1
2016-12-01,December 2016 Specific Maturities,5 years,November 2016,1-1/4%,December 2016,1-3/8%,1/8%,2
2016-12-01,December 2016 Specific Maturities,15 years,November 2016,1-7/8%,December 2016,2-1/8%,1/4%,3
2016-12-01,December 2016 Specific Maturities,20 years,November 2016,2-1/8%,December 2016,2-3/8%,1/4%,4
2016-11-01,November 2016 Specific Maturities,1 year,October 2016,5/8%,November 2016,5/8%,unch,1
2016-11-01,November 2016 Specific Maturities,5 years,October 2016,1-1/8%,November 2016,1-1/4%,1/8%,2
2016-11-01,November 2016 Specific Maturities,15 years,October 2016,1-3/4%,November 2016,1-7/8%,1/8%,3
2016-11-01,November 2016 Specific Maturities,20 years,October 2016,2-%,November 2016,2-1/8%,1/8%,4
2016-10-03,October 2016 Specific Maturities,1 Year,September 2016,1/2%,October 2016,5/8%,1/8%,1
2016-10-03,October 2016 Specific Maturities,5 years,September 2016,1-1/8%,October 2016,1-1/8%,unch,2
2016-10-03,October 2016 Specific Maturities,15 years,September 2016,1-3/4%,October 2016,1-3/4%,unch,3
2016-10-03,October 2016 Specific Maturities,20 years,September 2016,1-7/8%,October 2016,2%,1/8%,4
2016-09-01,September 2016 Specific Maturities,1 year,August 2016,1/2%,September 2016,1/2%,unch,1
2016-09-01,September 2016 Specific Maturities,5 years,August 2016,1-1/8%,September 2016,1-1/8%,unch,2
2016-09-01,September 2016 Specific Maturities,15 years,August 2016,1-3/4%,September 2016,1-3/4%,unch,3
2016-09-01,September 2016 Specific Maturities,20 years,August 2016,1-7/8%,September 2016,1-7/8%,unch,4
2016-08-01,August 2016 Specific Maturities,1 year,July 2016,5/8%,August 2016,1/2%,-1/8%,1
2016-08-01,August 2016 Specific Maturities,5 years,July 2016,1-1/4%,August 2016,1-1/8%,-1/8%,2
2016-08-01,August 2016 Specific Maturities,15 years,July 2016,2%,August 2016,1-3/4%,-1/4%,3
2016-08-01,August 2016 Specific Maturities,20 years,July 2016,2-1/8%,August 2016,1-7/8%,-1/4%,4
2016-07-01,July 2016 Specific Maturities,1 year,June 2016,5/8%,July 2016,5/8%,unch,1
2016-07-01,July 2016 Specific Maturities,5 years,June 2016,1-1/4%,July 2016,1-1/4%,unch,2
2016-07-01,July 2016 Specific Maturities,15 years,June 2016,2%,July 2016,2%,unch,3
2016-07-01,July 2016 Specific Maturities,20 years,June 2016,2-1/4%,July 2016,2-1/8%,-1/8%,4
2016-06-01,June 2016 Specific Maturities,1 year,May 2016,5/8%,June 2016,5/8%,unch,1
2016-06-01,June 2016 Specific Maturities,5 years,May 2016,1-1/4%,June 2016,1-1/4%,unch,2
2016-06-01,June 2016 Specific Maturities,15 years,May 2016,2%,June 2016,2%,unch,3
2016-06-01,June 2016 Specific Maturities,20 years,May 2016,2-1/4%,June 2016,2-1/4%,unch,4
2016-05-02,May 2016 Specific Maturities,1 year,April 2016,5/8%,May 2016,5/8%,unch,1
2016-05-02,May 2016 Specific Maturities,5 years,April 2016,1-3/8%,May 2016,1-1/4%,-1/8%,2
2016-05-02,May 2016 Specific Maturities,15 years,April 2016,2-1/8%,May 2016,2%,-1/8%,3
2016-05-02,May 2016 Specific Maturities,20 years,April 2016,2-1/4%,May 2016,2-1/4%,unch,4
2016-04-01,April 2016 Specific Maturities,1 Year,March 2016,1/2%,April 2016,5/8%,+1/8%,1
2016-04-01,April 2016 Specific Maturities,5 years,March 2016,1-1/4%,April 2016,1-3/8%,+1/8%,2
2016-04-01,April 2016 Specific Maturities,15 years,March 2016,2-1/8%,April 2016,2-1/8%,unch,3
2016-04-01,April 2016 Specific Maturities,20 years,March 2016,2-1/4%,April 2016,2-1/4%,unch,4
2016-03-01,March 2016 Specific Maturities,1 year,February 2016,5/8%,March 2016,1/2%,-1/8%,1
2016-03-01,March 2016 Specific Maturities,5 years,February 2016,1-5/8%,March 2016,1-1/4%,-3/8%,2
2016-03-01,March 2016 Specific Maturities,15 years,February 2016,2-3/8%,March 2016,2-1/8%,-1/4%,3
2016-03-01,March 2016 Specific Maturities,20 years,February 2016,2-5/8%,March 2016,2-1/4%,-3/8%,4
2016-02-01,February 2016 Specific Maturities,1 year,January 2016,5/8%,February 2016,5/8%,unch,1
2016-02-01,February 2016 Specific Maturities,5 years,January 2016,1-5/8%,February 2016,1-5/8%,unch,2
2016-02-01,February 2016 Specific Maturities,15 years,January 2016,2-1/2%,February 2016,2-3/8%,+1/8%,3
2016-02-01,February 2016 Specific Maturities,20 years,January 2016,2-5/8%,February 2016,2-5/8%,unch,4
2016-01-04,January 2016 Specific Maturities,1 Year,December 2015,3/8%,January 2016,5/8%,+1/4%,1
2016-01-04,January 2016 Specific Maturities,5 years,December 2015,1-5/8%,January 2016,1-5/8%,unch,2
2016-01-04,January 2016 Specific Maturities,15 years,December 2015,2-1/2%,January 2016,2-1/2%,unch,3
2016-01-04,January 2016 Specific Maturities,20 years,December 2015,2-5/8%,January 2016,2-5/8%,unch,4
2015-12-01,December 2015 Specific Maturities,1 year,November 2015,1/4%,December 2015,3/8%,+1/8%,1
2015-12-01,December 2015 Specific Maturities,5 years,November 2015,1-3/8%,December 2015,1-5/8%,+1/4%,2
2015-12-01,December 2015 Specific Maturities,15 years,November 2015,2-3/8%,December 2015,2-1/2%,+1/8%,3
2015-12-01,December 2015 Specific Maturities,20 years,November 2015,2-1/2%,December 2015,2-5/8%,+1/8%,4
2015-11-02,November 2015 Specific Maturities,1 Year,October 2015,3/8%,November 2015,1/4%,-1/8%,1
2015-11-02,November 2015 Specific Maturities,5 years,October 2015,1-1/2%,November 2015,1-3/8%,-1/8%,2
2015-11-02,November 2015 Specific Maturities,15 years,October 2015,2-1/2%,November 2015,2-3/8%,-1/8%,3
2015-11-02,November 2015 Specific Maturities,20 years,October 2015,2-5/8%,November 2015,2-1/2%,-1/8%,4
2015-10-01,October 2015 Specific Maturities,1 Year,September 2015,3/8%,October 2015,3/8%,unch,1
2015-10-01,October 2015 Specific Maturities,5 years,September 2015,1-5/8%,October 2015,1-1/2%,-1/8%,2
2015-10-01,October 2015 Specific Maturities,15 years,September 2015,2-3/8%,October 2015,2-1/2%,+1/8%,3
2015-10-01,October 2015 Specific Maturities,20 years,September 2015,2-5/8%,October 2015,2-5/8%,unch,4
2015-09-01,September 2015 Specific Maturities,1 year,August 2015,1/4%,September 2015,3/8%,+1/8%,1
2015-09-01,September 2015 Specific Maturities,5 years,August 2015,1-5/8%,September 2015,1-5/8%,unch,2
2015-09-01,September 2015 Specific Maturities,15 years,August 2015,2-5/8%,September 2015,2-3/8%,-1/4%,3
2015-09-01,September 2015 Specific Maturities,20 years,August 2015,2-7/8%,September 2015,2-5/8%,-1/4%,4
2015-08-03,August 2015 Specific Maturities,1 year,July 2015,1/4%,August 2015,1/4%,unch,1
2015-08-03,August 2015 Specific Maturities,5 years,July 2015,1-5/8%,August 2015,1-5/8%,unch,2
2015-08-03,August 2015 Specific Maturities,15 years,July 2015,2-5/8%,August 2015,2-5/8%,unch,3
2015-08-03,August 2015 Specific Maturities,20 years,July 2015,2-3/4%,August 2015,2-7/8%,+1/8%,4
2015-07-01,July 2015 Specific Maturities,1 year,June 2015,1/4%,July 2015,1/4%,unch,1
2015-07-01,July 2015 Specific Maturities,5 years,June 2015,1-1/2%,July 2015,1-5/8%,+1/8%,2
2015-07-01,July 2015 Specific Maturities,15 years,June 2015,2-3/8%,July 2015,2-5/8%,+1/4%,3
2015-07-01,July 2015 Specific Maturities,20 years,June 2015,2-5/8%,July 2015,2-3/4%,+1/8%,4
2015-06-01,June 2015 Specific Maturities,1 year,May 2015,1/4%,June 2015,1/4%,unch,1
2015-06-01,June 2015 Specific Maturities,5 years,May 2015,1-3/8%,June 2015,1-1/2%,+1/8%,2
2015-06-01,June 2015 Specific Maturities,15 years,May 2015,2-1/8%,June 2015,2-3/8%,+1/4%,3
2015-06-01,June 2015 Specific Maturities,20 years,May 2015,2-1/4%,June 2015,2-5/8%,+3/8%,4
2015-05-01,May 2015 Specific Maturities,1 year,April 2015,1/4%,May 2015,1/4%,unch,1
2015-05-01,May 2015 Specific Maturities,5 years,April 2015,1-1/2%,May 2015,1-3/8%,-1/8%,2
2015-05-01,May 2015 Specific Maturities,15 years,April 2015,2-3/8%,May 2015,2-1/8%,-1/4%,3
2015-05-01,May 2015 Specific Maturities,20 years,April 2015,2-1/2%,May 2015,2-1/4%,-1/4%,4
2015-04-01,April 2015 Specific Maturities,1 year,March 2015,1/4%,April 2015,1/4%,unch,1
2015-04-01,April 2015 Specific Maturities,5 years,March 2015,1-3/8%,April 2015,1-1/2%,+1/8%,2
2015-04-01,April 2015 Specific Maturities,15 years,March 2015,2-1/8%,April 2015,2-3/8%,+1/4%,3
2015-04-01,April 2015 Specific Maturities,20 years,March 2015,2-1/4%,April 2015,2-1/2%,+1/4%,4
2015-03-02,March 2015 Specific Maturities,1 year,February 2015,1/4%,March 2015,1/4%,unch,1
2015-03-02,March 2015 Specific Maturities,5 years,February 2015,1-1/2%,March 2015,1-3/8%,-1/8%,2
2015-03-02,March 2015 Specific Maturities,15 years,February 2015,2-1/4%,March 2015,2-1/8%,-1/8%,3
2015-03-02,March 2015 Specific Maturities,20 years,February 2015,2-3/8%,March 2015,2-1/4%,-1/8%,4
2015-02-02,February 2015 Specific Maturities,1 year,January 2015,1/8%,February 2015,1/4%,+1/8%,1
2015-02-02,February 2015 Specific Maturities,5 years,January 2015,1-5/8%,February 2015,1-1/2%,-1/8%,2
2015-02-02,February 2015 Specific Maturities,15 years,January 2015,2-1/2%,February 2015,2-1/4%,-1/4%,3
2015-02-02,February 2015 Specific Maturities,20 years,January 2015,2-5/8%,February 2015,2-3/8%,-1/4%,4
2015-01-02,January 2015 Specific Maturities,1 year,December 2014,1/8%,January 2015,1/8%,unch,1
2015-01-02,January 2015 Specific Maturities,5 years,December 2014,1-5/8%,January 2015,1-5/8%,unch,2
2015-01-02,January 2015 Specific Maturities,15 years,December 2014,2-5/8%,January 2015,2-1/2%,-1/8%,3
2015-01-02,January 2015 Specific Maturities,20 years,December 2014,2-3/4%,January 2015,2-5/8%,-1/8%,4
2014-12-01,December 2014 Specific Maturities,1 year,November 2014,1/8%,December 2014,1/8%,unch,1
2014-12-01,December 2014 Specific Maturities,5 years,November 2014,1-5/8%,December 2014,1-5/8%,unch,2
2014-12-01,December 2014 Specific Maturities,15 years,November 2014,2-5/8%,December 2014,2-5/8%,unch,3
2014-12-01,December 2014 Specific Maturities,20 years,November 2014,2-7/8%,December 2014,2-3/4%,-1/8%,4
2014-11-03,November 2014 Specific Maturities,1 year,October 2014,1/8%,November 2014,1/8%,unch,1
2014-11-03,November 2014 Specific Maturities,5 years,October 2014,1-3/4%,November 2014,1-5/8%,-1/8%,2
2014-11-03,November 2014 Specific Maturities,15 years,October 2014,2-3/4%,November 2014,2-5/8%,-1/8%,3
2014-11-03,November 2014 Specific Maturities,20 years,October 2014,3%,November 2014,2-7/8%,-1/8%,4
2014-10-01,October 2014 Specific Maturities,1 year,September 2014,1/8%,October 2014,1/8%,unch,1
2014-10-01,October 2014 Specific Maturities,5 years,September 2014,1-5/8%,October 2014,1-3/4%,+1/8%,2
2014-10-01,October 2014 Specific Maturities,15 years,September 2014,2-3/4%,October 2014,2-3/4%,unch,3
2014-10-01,October 2014 Specific Maturities,20 years,September 2014,3%,October 2014,3%,unch,4
2014-09-02,September 2014 Specific Maturities,1 year,August 2014,1/8%,September 2014,1/8%,unch,1
2014-09-02,September 2014 Specific Maturities,5 years,August 2014,1-5/8%,September 2014,1-5/8%,unch,2
2014-09-02,September 2014 Specific Maturities,15 years,August 2014,2-7/8%,September 2014,2-3/4%,-1/8%,3
2014-09-02,September 2014 Specific Maturities,20 years,August 2014,3-1/8%,September 2014,3%,-1/8%,4
2014-08-01,August 2014 Specific Maturities,1 year,July 2014,1/8%,August 2014,1/8%,unch,1
2014-08-01,August 2014 Specific Maturities,5 years,July 2014,1-5/8%,August 2014,1-5/8%,unch,2
2014-08-01,August 2014 Specific Maturities,15 years,July 2014,2-7/8%,August 2014,2-7/8%,unch,3
2014-08-01,August 2014 Specific Maturities,20 years,July 2014,3-1/8%,August 2014,3-1/8%,unch,4
2014-07-01,July 2014 Specific Maturities,1 year,June 2014,1/8%,July 2014,1/8%,unch,1
2014-07-01,July 2014 Specific Maturities,5 years,June 2014,1-5/8%,July 2014,1-5/8%,unch,2
2014-07-01,July 2014 Specific Maturities,15 years,June 2014,3%,July 2014,2-7/8%,-1/8%,3
2014-07-01,July 2014 Specific Maturities,20 years,June 2014,3-1/8%,July 2014,3-1/8%,unch,4
2014-06-02,June 2014 Specific Maturities,1 year,May 2014,1/8%,June 2014,1/8%,unch,1
2014-06-02,June 2014 Specific Maturities,5 years,May 2014,1-3/4%,June 2014,1-5/8%,-1/8%,2
2014-06-02,June 2014 Specific Maturities,15 years,May 2014,3-1/8%,June 2014,3%,-1/8%,3
2014-06-02,June 2014 Specific Maturities,20 years,May 2014,3-1/4%,June 2014,3-1/8%,-1/8%,4
2014-05-01,May 2014 Specific Maturities,1 year,April 2014,1/8%,May 2014,1/8%,unch,1
2014-05-01,May 2014 Specific Maturities,5 years,April 2014,1-5/8%,May 2014,1-3/4%,+1/8%,2
2014-05-01,May 2014 Specific Maturities,15 years,April 2014,3-1/8%,May 2014,3-1/8%,unch,3
2014-05-01,May 2014 Specific Maturities,20 years,April 2014,3-3/8%,May 2014,3-1/4%,-1/8%,4
2014-04-01,April 2014 Specific Maturities,1 year,March 2014,1/8%,April 2014,1/8%,unch,1
2014-04-01,April 2014 Specific Maturities,5 years,March 2014,1-1/2%,April 2014,1-5/8%,+1/8%,2
2014-04-01,April 2014 Specific Maturities,15 years,March 2014,3-1/8%,April 2014,3-1/8%,unch,3
2014-04-01,April 2014 Specific Maturities,20 years,March 2014,3-3/8%,April 2014,3-3/8%,unch,4
2014-03-03,March 2014 Specific Maturities,1 year,February 2014,1/8%,March 2014,1/8%,unch,1
2014-03-03,March 2014 Specific Maturities,5 years,February 2014,1-3/4%,March 2014,1-1/2%,-1/4%,2
2014-03-03,March 2014 Specific Maturities,15 years,February 2014,3-3/8%,March 2014,3-1/8%,-1/4%,3
2014-03-03,March 2014 Specific Maturities,20 years,February 2014,3-5/8%,March 2014,3-3/8%,-1/4%,4
2014-02-03,February 2014 Specific Maturities,1 year,January 2014,1/8%,February 2014,1/8%,unch,1
2014-02-03,February 2014 Specific Maturities,5 years,January 2014,1-1/2%,February 2014,1-3/4%,+1/4%,2
2014-02-03,February 2014 Specific Maturities,15 years,January 2014,3-3/8%,February 2014,3-3/8%,unch,3
2014-02-03,February 2014 Specific Maturities,20 years,January 2014,3-5/8%,February 2014,3-5/8%,unch,4
2014-01-02,January 2014 Specific Maturities,1 year,December 2013,1/8%,January 2014,1/8%,unch,1
2014-01-02,January 2014 Specific Maturities,5 years,December 2013,1-3/8%,January 2014,1-1/2%,+1/8%,2
2014-01-02,January 2014 Specific Maturities,15 years,December 2013,3-1/8%,January 2014,3-3/8%,+1/4%,3
2014-01-02,January 2014 Specific Maturities,20 years,December 2013,3-3/8%,January 2014,3-5/8%,+1/4%,4
2013-12-02,December 2013 Specific Maturities,1 year,November 2013,1/8%,December 2013,1/8%,unch,1
2013-12-02,December 2013 Specific Maturities,5 years,November 2013,1-3/8%,December 2013,1-3/8%,unch,2
2013-12-02,December 2013 Specific Maturities,15 years,November 2013,3-1/8%,December 2013,3-1/8%,unch,3
2013-12-02,December 2013 Specific Maturities,20 years,November 2013,3-3/8%,December 2013,3-3/8%,unch,4
2013-11-01,November 2013 Specific Maturities,1 year,October 2013,1/8%,November 2013,1/8%,unch,1
2013-11-01,November 2013 Specific Maturities,5 years,October 2013,1-5/8%,November 2013,1-3/8%,-1/4%,2
2013-11-01,November 2013 Specific Maturities,15 years,October 2013,3-1/4%,November 2013,3-1/8%,-1/8%,3
2013-11-01,November 2013 Specific Maturities,20 years,October 2013,3-1/2%,November 2013,3-3/8%,-1/8%,4
2013-10-01,October 2013 Specific Maturities,1 year,September 2013,1/8%,October 2013,1/8%,unch,1
2013-10-01,October 2013 Specific Maturities,5 years,September 2013,1-3/8%,October 2013,1-5/8%,+1/4%,2
2013-10-01,October 2013 Specific Maturities,15 years,September 2013,3-1/8%,October 2013,3-1/4%,+1/8%,3
2013-10-01,October 2013 Specific Maturities,20 years,September 2013,3-3/8%,October 2013,3-1/2%,+1/8%,4
2013-09-03,September 2013 Specific Maturities,1 year,August 2013,1/8%,September 2013,1/8%,unch,1
2013-09-03,September 2013 Specific Maturities,5 years,August 2013,1-3/8%,September 2013,1-3/8%,unch,2
2013-09-03,September 2013 Specific Maturities,15 years,August 2013,3%,September 2013,3-1/8%,+1/8%,3
2013-09-03,September 2013 Specific Maturities,20 years,August 2013,3-1/4%,September 2013,3-3/8%,+1/8%,4
2013-08-01,August 2013 Specific Maturities,1 year,July 2013,1/8%,August 2013,1/8%,unch,1
2013-08-01,August 2013 Specific Maturities,5 years,July 2013,1%,August 2013,1-3/8%,+3/8%,2
2013-08-01,August 2013 Specific Maturities,15 years,July 2013,2-5/8%,August 2013,3%,+3/8%,3
2013-08-01,August 2013 Specific Maturities,20 years,July 2013,3%,August 2013,3-1/4%,+1/4%,4
2013-07-01,July 2013 Specific Maturities,1 year,June 2013,1/8%,July 2013,1/8%,unch,1
2013-07-01,July 2013 Specific Maturities,5 years,June 2013,3/4%,July 2013,1%,+1/4%,2
2013-07-01,July 2013 Specific Maturities,15 years,June 2013,2-1/4%,July 2013,2-5/8%,+3/8%,3
2013-07-01,July 2013 Specific Maturities,20 years,June 2013,2-5/8%,July 2013,3%,+3/8%,4
2013-06-03,June 2013 Specific Maturities,1 year,May 2013,1/8%,June 2013,1/8%,unch,1
2013-06-03,June 2013 Specific Maturities,5 years,May 2013,3/4%,June 2013,3/4%,unch,2
2013-06-03,June 2013 Specific Maturities,15 years,May 2013,2-3/8%,June 2013,2-1/4%,-1/8%,3
2013-06-03,June 2013 Specific Maturities,20 years,May 2013,2-5/8%,June 2013,2-5/8%,unch,4
2013-05-01,May 2013 Specific Maturities,1 year,April 2013,1/8%,May 2013,1/8%,unch,1
2013-05-01,May 2013 Specific Maturities,5 years,April 2013,7/8%,May 2013,3/4%,-1/8%,2
2013-05-01,May 2013 Specific Maturities,15 years,April 2013,2-1/2%,May 2013,2-3/8%,-1/8%,3
2013-05-01,May 2013 Specific Maturities,20 years,April 2013,2-3/4%,May 2013,2-5/8%,-1/8%,4
2013-04-01,April 2013 Specific Maturities,1 year,March 2013,1/8%,April 2013,1/8%,unch,1
2013-04-01,April 2013 Specific Maturities,5 years,March 2013,7/8%,April 2013,7/8%,unch,2
2013-04-01,April 2013 Specific Maturities,15 years,March 2013,2-1/2%,April 2013,2-1/2%,unch,3
2013-04-01,April 2013 Specific Maturities,20 years,March 2013,2-3/4%,April 2013,2-3/4%,unch,4
2013-03-01,March 2013 Specific Maturities,1 year,February 2013,1/8%,March 2013,1/8%,unch,1
2013-03-01,March 2013 Specific Maturities,5 years,February 2013,3/4%,March 2013,7/8%,+1/8%,2
2013-03-01,March 2013 Specific Maturities,15 years,February 2013,2-3/8%,March 2013,2-1/2%,+1/8%,3
2013-03-01,March 2013 Specific Maturities,20 years,February 2013,2-5/8%,March 2013,2-3/4%,+1/8%,4
2013-02-01,February 2013 Specific Maturities,1 year,January 2013,1/8%,February 2013,1/8%,unch,1
2013-02-01,February 2013 Specific Maturities,5 years,January 2013,5/8%,February 2013,3/4%,+1/8%,2
2013-02-01,February 2013 Specific Maturities,15 years,January 2013,2-1/8%,February 2013,2-3/8%,+1/4%,3
2013-02-01,February 2013 Specific Maturities,20 years,January 2013,2-3/8%,February 2013,2-5/8%,+1/4%,4
2013-01-02,January 2013 Specific Maturities,1 year,December 2012,1/8%,January 2013,1/8%,unch,1
2013-01-02,January 2013 Specific Maturities,5 years,December 2012,3/4%,January 2013,5/8%,-1/8%,2
2013-01-02,January 2013 Specific Maturities,15 years,December 2012,2-1/8%,January 2013,2-1/8%,unch,3
2013-01-02,January 2013 Specific Maturities,20 years,December 2012,2-1/2%,January 2013,2-3/8%,-1/8%,4
2012-12-03,December 2012 Specific Maturities,1 year,November 2012,1/8%,December 2012,1/8%,unch,1
2012-12-03,December 2012 Specific Maturities,5 years,November 2012,5/8%,December 2012,3/4%,+1/8%,2
2012-12-03,December 2012 Specific Maturities,15 years,November 2012,2-1/4%,December 2012,2-1/8%,-1/8%,3
2012-12-03,December 2012 Specific Maturities,20 years,November 2012,2-1/2%,December 2012,2-1/2%,unch,4
2012-11-01,November 2012 Specific Maturities,1 year,October 2012,1/8%,November 2012,1/8%,unch,1
2012-11-01,November 2012 Specific Maturities,5 years,October 2012,5/8%,November 2012,5/8%,unch,2
2012-11-01,November 2012 Specific Maturities,15 years,October 2012,2-1/8%,November 2012,2-1/4%,+1/8%,3
2012-11-01,November 2012 Specific Maturities,20 years,October 2012,2-1/2%,November 2012,2-1/2%,unch,4
2012-10-01,October 2012 Specific Maturities,1 year,September 2012,1/8%,October 2012,1/8%,unch,1
2012-10-01,October 2012 Specific Maturities,5 years,September 2012,5/8%,October 2012,5/8%,unch,2
2012-10-01,October 2012 Specific Maturities,15 years,September 2012,2-1/8%,October 2012,2-1/8%,unch,3
2012-10-01,October 2012 Specific Maturities,20 years,September 2012,2-3/8%,October 2012,2-1/2%,+1/8%,4
2012-09-04,September 2012 Specific Maturities,1 year,August 2012,1/4%,September 2012,1/8%,-1/8%,1
2012-09-04,September 2012 Specific Maturities,5 years,August 2012,5/8%,September 2012,5/8%,unch,2
2012-09-04,September 2012 Specific Maturities,15 years,August 2012,2%,September 2012,2-1/8%,+1/8%,3
2012-09-04,September 2012 Specific Maturities,20 years,August 2012,2-1/4%,September 2012,2-3/8%,+1/8%,4
2012-08-01,August 2012 Specific Maturities,1 year,July 2012,1/4%,August 2012,1/4%,unch,1
2012-08-01,August 2012 Specific Maturities,5 years,July 2012,3/4%,August 2012,5/8%,-1/8%,2
2012-08-01,August 2012 Specific Maturities,15 years,July 2012,2-1/8%,August 2012,2%,-1/8%,3
2012-08-01,August 2012 Specific Maturities,20 years,July 2012,2-3/8%,August 2012,2-1/4%,-1/8%,4
2012-07-02,July 2012 Specific Maturities,1 year,June 2012,1/8%,July 2012,1/4%,+1/8%,1
2012-07-02,July 2012 Specific Maturities,5 years,June 2012,3/4%,July 2012,3/4%,unch,2
2012-07-02,July 2012 Specific Maturities,15 years,June 2012,2-3/8%,July 2012,2-1/8%,-1/4%,3
2012-07-02,July 2012 Specific Maturities,20 years,June 2012,2-5/8%,July 2012,2-3/8%,-1/4%,4
2012-06-01,June 2012 Specific Maturities,1 year,May 2012,1/8%,June 2012,1/8%,unch,1
2012-06-01,June 2012 Specific Maturities,5 years,May 2012,1%,June 2012,3/4%,-1/4%,2
2012-06-01,June 2012 Specific Maturities,15 years,May 2012,2-5/8%,June 2012,2-3/8%,-1/4%,3
2012-06-01,June 2012 Specific Maturities,20 years,May 2012,2-7/8%,June 2012,2-5/8%,-1/4%,4
2012-05-01,May 2012 Specific Maturities,1 year,April 2012,1/8%,May 2012,1/8%,unch,1
2012-05-01,May 2012 Specific Maturities,5 years,April 2012,1%,May 2012,1%,unch,2
2012-05-01,May 2012 Specific Maturities,15 years,April 2012,2-5/8%,May 2012,2-5/8%,unch,3
2012-05-01,May 2012 Specific Maturities,20 years,April 2012,2-7/8%,May 2012,2-7/8%,unch,4
2012-04-02,April 2012 Specific Maturities,1 year,March 2012,1/8%,April 2012,1/8%,unch,1
2012-04-02,April 2012 Specific Maturities,5 years,March 2012,3/4%,April 2012,1%,+1/4%,2
2012-04-02,April 2012 Specific Maturities,15 years,March 2012,2-1/2%,April 2012,2-5/8%,+1/8%,3
2012-04-02,April 2012 Specific Maturities,20 years,March 2012,2-3/4%,April 2012,2-7/8%,+1/8%,4
2012-03-01,March 2012 Specific Maturities,1 year,February 2012,1/8%,March 2012,1/8%,unch,1
2012-03-01,March 2012 Specific Maturities,5 years,February 2012,7/8%,March 2012,3/4%,-1/8%,2
2012-03-01,March 2012 Specific Maturities,15 years,February 2012,2-3/8%,March 2012,2-1/2%,+1/8%,3
2012-03-01,March 2012 Specific Maturities,20 years,February 2012,2-5/8%,March 2012,2-3/4%,+1/8%,4
2012-02-01,February 2012 Specific Maturities,1 year,January 2012,1/8%,February 2012,1/8%,unch,1
2012-02-01,February 2012 Specific Maturities,5 years,January 2012,7/8%,February 2012,7/8%,unch,2
2012-02-01,February 2012 Specific Maturities,15 years,January 2012,2-3/8%,February 2012,2-3/8%,unch,3
2012-02-01,February 2012 Specific Maturities,20 years,January 2012,2-5/8%,February 2012,2-5/8%,unch,4
2012-01-03,January 2012 Specific Maturities,1 year,December 2011,1/8%,January 2012,1/8%,unch,1
2012-01-03,January 2012 Specific Maturities,5 years,December 2011,1%,January 2012,7/8%,-1/8%,2
2012-01-03,January 2012 Specific Maturities,15 years,December 2011,2-5/8%,January 2012,2-3/8%,-1/4%,3
2012-01-03,January 2012 Specific Maturities,20 years,December 2011,2-7/8%,January 2012,2-5/8%,-1/4%,4
2011-12-01,December 2011 Specific Maturities,1 year,November 2011,1/8%,December 2011,1/8%,unch,1
2011-12-01,December 2011 Specific Maturities,5 years,November 2011,1%,December 2011,1%,unch,2
2011-12-01,December 2011 Specific Maturities,15 years,November 2011,2-1/2%,December 2011,2-5/8%,+1/8%,3
2011-12-01,December 2011 Specific Maturities,20 years,November 2011,2-3/4%,December 2011,2-7/8%,+1/8%,4
2011-11-01,November 2011 Specific Maturities,1 year,October 2011,1/8%,November 2011,1/8%,unch,1
2011-11-01,November 2011 Specific Maturities,5 years,October 2011,7/8%,November 2011,1%,+1/8%,2
2011-11-01,November 2011 Specific Maturities,15 years,October 2011,2-5/8%,November 2011,2-1/2%,-1/8%,3
2011-11-01,November 2011 Specific Maturities,20 years,October 2011,3%,November 2011,2-3/4%,-1/4%,4
2011-10-03,October 2011 Specific Maturities,1 year,September 2011,1/8%,October 2011,1/8%,unch,1
2011-10-03,October 2011 Specific Maturities,5 years,September 2011,1-1/4%,October 2011,7/8%,-3/8%,2
2011-10-03,October 2011 Specific Maturities,15 years,September 2011,3-1/8%,October 2011,2-5/8%,-1/2%,3
2011-10-03,October 2011 Specific Maturities,20 years,September 2011,3-1/2%,October 2011,3%,-1/2%,4
2011-09-01,September 2011 Specific Maturities,1 year,August 2011,1/8%,September 2011,1/8%,unch,1
2011-09-01,September 2011 Specific Maturities,5 years,August 2011,1-5/8%,September 2011,1-1/4%,-3/8%,2
2011-09-01,September 2011 Specific Maturities,15 years,August 2011,3-5/8%,September 2011,3-1/8%,-1/2%,3
2011-09-01,September 2011 Specific Maturities,20 years,August 2011,4%,September 2011,3-1/2%,-1/2%,4
2011-08-01,August 2011 Specific Maturities,1 year,July 2011,1/8%,August 2011,1/8%,unch,1
2011-08-01,August 2011 Specific Maturities,5 years,July 2011,1-5/8%,August 2011,1-5/8%,unch,2
2011-08-01,August 2011 Specific Maturities,15 years,July 2011,3-5/8%,August 2011,3-5/8%,unch,3
2011-08-01,August 2011 Specific Maturities,20 years,July 2011,3-7/8%,August 2011,4%,+1/8%,4
2011-07-01,July 2011 Specific Maturities,1 year,June 2011,1/4%,July 2011,1/8%,-1/8%,1
2011-07-01,July 2011 Specific Maturities,5 years,June 2011,1-7/8%,July 2011,1-5/8%,-1/4%,2
2011-07-01,July 2011 Specific Maturities,15 years,June 2011,3-3/4%,July 2011,3-5/8%,-1/8%,3
2011-07-01,July 2011 Specific Maturities,20 years,June 2011,4-1/8%,July 2011,3-7/8%,-1/4%,4
2011-06-01,June 2011 Specific Maturities,1 year,May 2011,1/4%,June 2011,1/4%,unch,1
2011-06-01,June 2011 Specific Maturities,5 years,May 2011,2-1/4%,June 2011,1-7/8%,-3/8%,2
2011-06-01,June 2011 Specific Maturities,15 years,May 2011,4%,June 2011,3-3/4%,-1/4%,3
2011-06-01,June 2011 Specific Maturities,20 years,May 2011,4-1/4%,June 2011,4-1/8%,-1/8%,4
2011-05-02,May 2011 Specific Maturities,1 year,April 2011,1/4%,May 2011,1/4%,unch,1
2011-05-02,May 2011 Specific Maturities,5 years,April 2011,2-1/8%,May 2011,2-1/4%,+1/8%,2
2011-05-02,May 2011 Specific Maturities,15 years,April 2011,4%,May 2011,4%,unch,3
2011-05-02,May 2011 Specific Maturities,20 years,April 2011,4-1/4%,May 2011,4-1/4%,unch,4
2011-04-01,April 2011 Specific Maturities,1 year,March 2011,1/4%,April 2011,1/4%,unch,1
2011-04-01,April 2011 Specific Maturities,5 years,March 2011,2-1/4%,April 2011,2-1/8%,-1/8%,2
2011-04-01,April 2011 Specific Maturities,15 years,March 2011,4-1/8%,April 2011,4%,-1/8%,3
2011-04-01,April 2011 Specific Maturities,20 years,March 2011,4-3/8%,April 2011,4-1/4%,-1/8%,4
2011-03-01,March 2011 Specific Maturities,1 year,February 2011,1/4%,March 2011,1/4%,unch,1
2011-03-01,March 2011 Specific Maturities,5 years,February 2011,2%,March 2011,2-1/4%,+1/4%,2
2011-03-01,March 2011 Specific Maturities,15 years,February 2011,4%,March 2011,4-1/8%,+1/8%,3
2011-03-01,March 2011 Specific Maturities,20 years,February 2011,4-1/4%,March 2011,4-3/8%,+1/8%,4
2011-02-01,February 2011 Specific Maturities,1 year,January 2011,1/4%,February 2011,1/4%,unch,1
2011-02-01,February 2011 Specific Maturities,5 years,January 2011,1-3/4%,February 2011,2%,+1/4%,2
2011-02-01,February 2011 Specific Maturities,15 years,January 2011,3-3/4%,February 2011,4%,+1/4%,3
2011-02-01,February 2011 Specific Maturities,20 years,January 2011,4%,February 2011,4-1/4%,+1/4%,4
2011-01-03,January 2011 Specific Maturities,1 year,December 2010,1/4%,January 2011,1/4%,unch,1
2011-01-03,January 2011 Specific Maturities,5 years,December 2010,1-1/4%,January 2011,1-3/4%,+1/2%,2
2011-01-03,January 2011 Specific Maturities,15 years,December 2010,3-3/8%,January 2011,3-3/4%,+3/8%,3
2011-01-03,January 2011 Specific Maturities,20 years,December 2010,3-3/4%,January 2011,4%,+1/4%,4
2010-12-01,December 2010 Specific Maturities,1 year,November 2010,1/4%,December 2010,1/4%,unch,1
2010-12-01,December 2010 Specific Maturities,5 years,November 2010,1-1/4%,December 2010,1-1/4%,unch,2
2010-12-01,December 2010 Specific Maturities,15 years,November 2010,3-1/8%,December 2010,3-3/8%,+1/4%,3
2010-12-01,December 2010 Specific Maturities,20 years,November 2010,3-1/2%,December 2010,3-3/4%,+1/4%,4
2010-11-01,November 2010 Specific Maturities,1 year,October 2010,1/4%,November 2010,1/4%,unch,1
2010-11-01,November 2010 Specific Maturities,5 years,October 2010,1-1/2%,November 2010,1-1/4%,-1/4%,2
2010-11-01,November 2010 Specific Maturities,15 years,October 2010,3-1/8%,November 2010,3-1/8%,unch,3
2010-11-01,November 2010 Specific Maturities,20 years,October 2010,3-3/8%,November 2010,3-1/2%,1/8%,4
2010-10-01,October 2010 Specific Maturities,1 year,September 2010,1/4%,October 2010,1/4%,unch,1
2010-10-01,October 2010 Specific Maturities,5 years,September 2010,1-5/8%,October 2010,1-1/2%,-1/8%,2
2010-10-01,October 2010 Specific Maturities,15 years,September 2010,3-3/8%,October 2010,3-1/8%,-1/4%,3
2010-10-01,October 2010 Specific Maturities,20 years,September 2010,3-5/8%,October 2010,3-3/8%,-1/4%,4
2010-09-01,September 2010 Specific Maturities,1 year,August 2010,1/4%,September 2010,1/4%,unch,1
2010-09-01,September 2010 Specific Maturities,5 years,August 2010,1-7/8%,September 2010,1-5/8%,-1/4%,2
2010-09-01,September 2010 Specific Maturities,15 years,August 2010,3-5/8%,September 2010,3-3/8%,-1/4%,3
2010-09-01,September 2010 Specific Maturities,20 years,August 2010,3-7/8%,September 2010,3-5/8%,-1/4%,4
2010-08-02,August 2010 Specific Maturities,1 year,July 2010,3/8%,August 2010,1/4%,-1/8%,1
2010-08-02,August 2010 Specific Maturities,5 years,July 2010,2%,August 2010,1-7/8%,-1/8%,2
2010-08-02,August 2010 Specific Maturities,15 years,July 2010,3-3/4%,August 2010,3-5/8%,-1/8%,3
2010-08-02,August 2010 Specific Maturities,20 years,July 2010,4%,August 2010,3-7/8%,-1/8%,4
2010-07-01,July 2010 Specific Maturities,1 year,June 2010,3/8%,July 2010,3/8%,unch,1
2010-07-01,July 2010 Specific Maturities,5 years,June 2010,2-3/8%,July 2010,2%,-3/8%,2
2010-07-01,July 2010 Specific Maturities,15 years,June 2010,4-1/8%,July 2010,3-3/4%,-3/8%,3
2010-07-01,July 2010 Specific Maturities,20 years,June 2010,4-1/4%,July 2010,4%,-1/4%,4
2010-06-01,June 2010 Specific Maturities,1 year,May 2010,1/2%,June 2010,3/8%,-1/8%,1
2010-06-01,June 2010 Specific Maturities,5 years,May 2010,2-5/8%,June 2010,2-3/8%,-1/4%,2
2010-06-01,June 2010 Specific Maturities,15 years,May 2010,4-3/8%,June 2010,4-1/8%,-1/4%,3
2010-06-01,June 2010 Specific Maturities,20 years,May 2010,4-5/8%,June 2010,4-1/4%,-3/8%,4
2010-05-03,May 2010 Specific Maturities,1 year,April 2010,3/8%,May 2010,1/2%,+1/8%,1
2010-05-03,May 2010 Specific Maturities,5 years,April 2010,2-3/8%,May 2010,2-5/8%,+1/4%,2
2010-05-03,May 2010 Specific Maturities,15 years,April 2010,4-1/4%,May 2010,4-3/8%,+1/8%,3
2010-05-03,May 2010 Specific Maturities,20 years,April 2010,4-1/2%,May 2010,4-5/8%,+1/8%,4
2010-04-01,April 2010 Specific Maturities,1 year,March 2010,3/8%,April 2010,3/8%,Unchanged,1
2010-04-01,April 2010 Specific Maturities,5 years,March 2010,2-3/8%,April 2010,2-3/8%,Unchanged,2
2010-04-01,April 2010 Specific Maturities,15 years,March 2010,4-1/4%,April 2010,4-1/4%,Unchanged,3
2010-04-01,April 2010 Specific Maturities,20 years,March 2010,4-1/2%,April 2010,4-1/2%,Unchanged,4
2010-03-01,March 2010 Specific Maturities,1 year,February 2010,3/8%,March 2010,3/8%,Unchanged,1
2010-03-01,March 2010 Specific Maturities,5 years,February 2010,2-1/2%,March 2010,2-3/8%,- 1/8%,2
2010-03-01,March 2010 Specific Maturities,15 years,February 2010,4-3/8%,March 2010,4-1/4%,- 1/8%,3
2010-03-01,March 2010 Specific Maturities,20 years,February 2010,4-1/2%,March 2010,4-1/2%,Unchanged,4
2010-02-01,February 2010 Specific Maturities,1 year,January 2010,3/8%,February 2010,3/8%,unch,1
2010-02-01,February 2010 Specific Maturities,5 years,January 2010,2-1/8%,February 2010,2-1/2%,+3/8%,2
2010-02-01,February 2010 Specific Maturities,15 years,January 2010,4%,February 2010,4-3/8%,+3/8%,3
2010-02-01,February 2010 Specific Maturities,20 years,January 2010,4-1/4%,February 2010,4-1/2%,+1/4%,4
2010-01-04,January 2010 Specific Maturities,1 year,December 2009,3/8%,January 2010,3/8%,unch,1
2010-01-04,January 2010 Specific Maturities,5 years,December 2009,2-3/8%,January 2010,2-1/8%,-1/4%,2
2010-01-04,January 2010 Specific Maturities,15 years,December 2009,4-1/8%,January 2010,4%,-1/8%,3
2010-01-04,January 2010 Specific Maturities,20 years,December 2009,4-1/4%,January 2010,4-1/4%,unch,4
2009-12-01,December 2009 Specific Maturities,1 year,November 2009,3/8%,December 2009,3/8%,unch,1
2009-12-01,December 2009 Specific Maturities,5 years,November 2009,2-3/8%,December 2009,2-3/8%,unch,2
2009-12-01,December 2009 Specific Maturities,15 years,November 2009,4%,December 2009,4-1/8%,+1/8%,3
2009-12-01,December 2009 Specific Maturities,20 years,November 2009,4-1/8%,December 2009,4-1/4%,+1/8%,4
2009-11-02,November 2009 Specific Maturities,1 year,October 2009,3/8%,November 2009,3/8%,unch,1
2009-11-02,November 2009 Specific Maturities,5 years,October 2009,2-3/8%,November 2009,2-3/8%,unch,2
2009-11-02,November 2009 Specific Maturities,15 years,October 2009,4-1/8%,November 2009,4%,-1/8%,3
2009-11-02,November 2009 Specific Maturities,20 years,October 2009,4-1/8%,November 2009,4-1/8%,unch,4
2009-10-01,October 2009 Specific Maturities,1 year,September 2009,1/2%,October 2009,3/8%,-1/8%,1
2009-10-01,October 2009 Specific Maturities,5 years,September 2009,2-5/8%,October 2009,2-3/8%,-1/4%,2
2009-10-01,October 2009 Specific Maturities,15 years,September 2009,4-3/8%,October 2009,4-1/8%,-1/4%,3
2009-10-01,October 2009 Specific Maturities,20 years,September 2009,4-3/8%,October 2009,4-1/8%,-1/4%,4
2009-09-02,September 2009 Specific Maturities,1 year,August 2009,1/2%,September 2009,1/2%,Unchanged,1
2009-09-02,September 2009 Specific Maturities,5 years,August 2009,2-1/2%,September 2009,2-5/8%,+1/8%,2
2009-09-02,September 2009 Specific Maturities,15 years,August 2009,4-1/4%,September 2009,4-3/8%,+1/8%,3
2009-09-02,September 2009 Specific Maturities,20 years,August 2009,4-3/8%,September 2009,4-3/8%,Unchanged,4
2009-08-03,August 2009 Specific Maturities,1 year,July 2009,1/2%,August 2009,1/2%,Unchanged,1
2009-08-03,August 2009 Specific Maturities,5 years,July 2009,2-5/8%,August 2009,2-1/2%,-1/8%,2
2009-08-03,August 2009 Specific Maturities,15 years,July 2009,4-1/2%,August 2009,4-1/4%,-1/4%,3
2009-08-03,August 2009 Specific Maturities,20 years,July 2009,4-1/2%,August 2009,4-3/8%,-1/8%,4
2009-07-01,July 2009 Specific Maturities,1 year,June 2009,1/2%,July 2009,1/2%,Unchanged,1
2009-07-01,July 2009 Specific Maturities,5 years,June 2009,2%,July 2009,2-5/8%,+5/8%,2
2009-07-01,July 2009 Specific Maturities,15 years,June 2009,4%,July 2009,4-1/2%,+1/2%,3
2009-07-01,July 2009 Specific Maturities,20 years,June 2009,4-1/8%,July 2009,4-1/2%,+3/8%,4
2009-06-01,June 2009 Specific Maturities,1 year,May 2009,5/8%,June 2009,1/2%,-1/8%,1
2009-06-01,June 2009 Specific Maturities,5 years,May 2009,1-3/4%,June 2009,2%,+1/4%,2
2009-06-01,June 2009 Specific Maturities,15 years,May 2009,3-5/8%,June 2009,4%,+3/8%,3
2009-06-01,June 2009 Specific Maturities,20 years,May 2009,3-3/4%,June 2009,4-1/8%,+3/8%,4
2009-05-01,May 2009 Specific Maturities,1 year,April 2009,5/8%,May 2009,5/8%,Unchanged,1
2009-05-01,May 2009 Specific Maturities,5 years,April 2009,1-7/8%,May 2009,1-3/4%,-1/8%,2
2009-05-01,May 2009 Specific Maturities,15 years,April 2009,3-3/4%,May 2009,3-5/8%,-1/8%,3
2009-05-01,May 2009 Specific Maturities,20 years,April 2009,3-7/8%,May 2009,3-3/4%,-1/8%,4
2009-04-01,April 2009 Specific Maturities,1 year,March 2009,1/2%,April 2009,5/8%,+1/8%,1
2009-04-01,April 2009 Specific Maturities,5 years,March 2009,1-3/4%,April 2009,1-7/8%,+1/8%,2
2009-04-01,April 2009 Specific Maturities,15 years,March 2009,3-3/4%,April 2009,3-3/4%,unch,3
2009-04-01,April 2009 Specific Maturities,20 years,March 2009,3-3/4%,April 2009,3-7/8%,+1/8%,4
2009-03-02,March 2009 Specific Maturities,1 year,February 2009,3/8%,March 2009,1/2%,+1/8%,1
2009-03-02,March 2009 Specific Maturities,5 years,February 2009,1-1/2%,March 2009,1-3/4%,+1/4%,2
2009-03-02,March 2009 Specific Maturities,15 years,February 2009,3-1/8%,March 2009,3-3/4%,+5/8%,3
2009-03-02,March 2009 Specific Maturities,20 years,February 2009,3-1/8%,March 2009,3-3/4%,+5/8%,4
2009-02-02,February 2009 Specific Maturities,1 year,January 2009,5/8%,February 2009,3/8%,-1/4%,1
2009-02-02,February 2009 Specific Maturities,5 years,January 2009,1-5/8%,February 2009,1-1/2%,-1/8%,2
2009-02-02,February 2009 Specific Maturities,15 years,January 2009,3-1/2%,February 2009,3-1/8%,-3/8%,3
2009-02-02,February 2009 Specific Maturities,20 years,January 2009,3-3/8%,February 2009,3-1/8%,-1/4%,4
2009-01-02,January 2009 Specific Maturities,1 year,December 2008,1-1/4%,January 2009,5/8%,-5/8%,1
2009-01-02,January 2009 Specific Maturities,5 years,December 2008,2-1/2%,January 2009,1-5/8%,-7/8%,2
2009-01-02,January 2009 Specific Maturities,15 years,December 2008,4-1/2%,January 2009,3-1/2%,-1%,3
2009-01-02,January 2009 Specific Maturities,20 years,December 2008,4-1/2%,January 2009,3-3/8%,-1-1/8%,4
2008-12-01,December 2008 Specific Maturities,1 year,November 2008,1-1/2%,December 2008,1-1/4%,-1/4%,1
2008-12-01,December 2008 Specific Maturities,5 years,November 2008,2-7/8%,December 2008,2-1/2%,-3/8%,2
2008-12-01,December 2008 Specific Maturities,15 years,November 2008,4-3/8%,December 2008,4-1/2%,+1/8%,3
2008-12-01,December 2008 Specific Maturities,20 years,November 2008,4-3/8%,December 2008,4-1/2%,+1/8%,4
2008-11-03,November 2008 Specific Maturities,1 year,October 2008,2%,November 2008,1-1/2%,-1/2%,1
2008-11-03,November 2008 Specific Maturities,5 years,October 2008,2-7/8%,November 2008,2-7/8%,Unchanged,2
2008-11-03,November 2008 Specific Maturities,15 years,October 2008,4-1/4%,November 2008,4-3/8%,+1/8%,3
2008-11-03,November 2008 Specific Maturities,20 years,October 2008,4-3/8%,November 2008,4-3/8%,Unchanged,4
2008-10-01,October 2008 Specific Maturities,1 year,September 2008,2-1/4%,October 2008,2%,-1/4%,1
2008-10-01,October 2008 Specific Maturities,5 years,September 2008,3-1/4%,October 2008,2-7/8%,-3/8%,2
2008-10-01,October 2008 Specific Maturities,15 years,September 2008,4-1/2%,October 2008,4-1/4%,-1/4%,3
2008-10-01,October 2008 Specific Maturities,20 years,September 2008,4-5/8%,October 2008,4-3/8%,-1/4%,4
2008-09-02,September 2008 Specific Maturities,1 year,August 2008,2-3/8%,September 2008,2-1/4%,-1/8%,1
2008-09-02,September 2008 Specific Maturities,5 years,August 2008,3-3/8%,September 2008,3-1/4%,-1/8%,2
2008-09-02,September 2008 Specific Maturities,15 years,August 2008,4-1/2%,September 2008,4-1/2%,Unchanged,3
2008-09-02,September 2008 Specific Maturities,20 years,August 2008,4-5/8%,September 2008,4-5/8%,Unchanged,4
2008-08-01,August 2008 Specific Maturities,1 year,July 2008,2-3/8%,August 2008,2-3/8%,Unchanged,1
2008-08-01,August 2008 Specific Maturities,5 years,July 2008,3-3/8%,August 2008,3-3/8%,Unchanged,2
2008-08-01,August 2008 Specific Maturities,15 years,July 2008,4-5/8%,August 2008,4-1/2%,-1/8%,3
2008-08-01,August 2008 Specific Maturities,20 years,July 2008,4-3/4%,August 2008,4-5/8%,-1/8%,4
2008-07-01,July 2008 Specific Maturities,1 year,June 2008,2%,July 2008,2-3/8%,+3/8%,1
2008-07-01,July 2008 Specific Maturities,5 years,June 2008,3-1/8%,July 2008,3-3/8%,+1/4%,2
2008-07-01,July 2008 Specific Maturities,15 years,June 2008,4-1/2%,July 2008,4-5/8%,+1/8%,3
2008-07-01,July 2008 Specific Maturities,20 years,June 2008,4-1/2%,July 2008,4-3/4%,+1/4%,4
2008-06-02,June 2008 Specific Maturities,1 year,May 2008,1-5/8%,June 2008,2%,+3/8%,1
2008-06-02,June 2008 Specific Maturities,5 years,May 2008,2-5/8%,June 2008,3-1/8%,+1/2%,2
2008-06-02,June 2008 Specific Maturities,15 years,May 2008,4-1/4%,June 2008,4-1/2%,+1/4%,3
2008-06-02,June 2008 Specific Maturities,20 years,May 2008,4-3/8%,June 2008,4-1/2%,+1/8%,4
2008-05-01,May 2008 Specific Maturities,1 year,April 2008,1-5/8%,May 2008,1-5/8%,Unchanged,1
2008-05-01,May 2008 Specific Maturities,5 years,April 2008,2-5/8%,May 2008,2-5/8%,Unchanged,2
2008-05-01,May 2008 Specific Maturities,15 years,April 2008,4-1/4%,May 2008,4-1/4%,Unchanged,3
2008-05-01,May 2008 Specific Maturities,20 years,April 2008,4-3/8%,May 2008,4-3/8%,Unchanged,4
2008-04-01,April 2008 Specific Maturities,1 year,March 2008,2-1/8%,April 2008,1-5/8%,-1/2%,1
2008-04-01,April 2008 Specific Maturities,5 years,March 2008,2-3/4%,April 2008,2-5/8%,-1/8%,2
2008-04-01,April 2008 Specific Maturities,15 years,March 2008,4-1/4%,April 2008,4-1/4%,Unchanged,3
2008-04-01,April 2008 Specific Maturities,20 years,March 2008,4-3/8%,April 2008,4-3/8%,Unchanged,4
2008-03-03,March 2008 Specific Maturities,1 year,February 2008,3-1/8%,March 2008,2-1/8%,-1%,1
2008-03-03,March 2008 Specific Maturities,5 years,February 2008,3-1/4%,March 2008,2-3/4%,-1/2%,2
2008-03-03,March 2008 Specific Maturities,15 years,February 2008,4-3/8%,March 2008,4-1/4%,-1/8%,3
2008-03-03,March 2008 Specific Maturities,20 years,February 2008,4-1/2%,March 2008,4-3/8%,-1/8%,4
2008-02-01,February 2008 Specific Maturities,1 year,January 2008,3-1/4%,February 2008,3-1/8%,-1/8%,1
2008-02-01,February 2008 Specific Maturities,5 years,January 2008,3-3/8%,February 2008,3-1/4%,-1/8%,2
2008-02-01,February 2008 Specific Maturities,15 years,January 2008,4-1/2%,February 2008,4-3/8%,-1/8%,3
2008-02-01,February 2008 Specific Maturities,20 years,January 2008,4-1/2%,February 2008,4-1/2%,Unchanged,4
2008-01-02,January 2008 Specific Maturities,1 year,December 2007,3-3/4%,January 2008,3-1/4%,-1/2%,1
2008-01-02,January 2008 Specific Maturities,5 years,December 2007,3-7/8%,January 2008,3-3/8%,-1/2%,2
2008-01-02,January 2008 Specific Maturities,15 years,December 2007,4-5/8%,January 2008,4-1/2%,-1/8%,3
2008-01-02,January 2008 Specific Maturities,20 years,December 2007,4-5/8%,January 2008,4-1/2%,-1/8%,4
2007-11-21,December 2007 Specific Maturities,1 year,November 2007,4-1/8%,December 2007,3-3/4%,-3/8%,1
2007-11-21,December 2007 Specific Maturities,5 years,November 2007,4-1/4%,December 2007,3-7/8%,-3/8%,2
2007-11-21,December 2007 Specific Maturities,15 years,November 2007,4-7/8%,December 2007,4-5/8%,-1/4%,3
2007-11-21,December 2007 Specific Maturities,20 years,November 2007,4-7/8%,December 2007,4-5/8%,-1/4%,4
2007-11-01,November 2007 Specific Maturities,1 year,October 2007,4-1/4%,November 2007,4-1/8%,-1/8%,1
2007-11-01,November 2007 Specific Maturities,5 years,October 2007,4-1/4%,November 2007,4-1/4%,Unchanged,2
2007-11-01,November 2007 Specific Maturities,15 years,October 2007,4-7/8%,November 2007,4-7/8%,Unchanged,3
2007-11-01,November 2007 Specific Maturities,20 years,October 2007,4-7/8%,November 2007,4-7/8%,Unchanged,4
2007-10-01,October 2007 Specific Maturities,1 year,September 2007,4-3/4%,October 2007,4-1/4%,-1/2%,1
2007-10-01,October 2007 Specific Maturities,5 years,September 2007,4-5/8%,October 2007,4-1/4%,-3/8%,2
2007-10-01,October 2007 Specific Maturities,15 years,September 2007,5%,October 2007,4-7/8%,-1/8%,3
2007-10-01,October 2007 Specific Maturities,20 years,September 2007,5%,October 2007,4-7/8%,-1/8%,4
2007-09-04,September 2007 Specific Maturities,1 year,August 2007,5%,September 2007,4-3/4%,-1/4%,1
2007-09-04,September 2007 Specific Maturities,5 years,August 2007,5%,September 2007,4-5/8%,-3/8%,2
2007-09-04,September 2007 Specific Maturities,15 years,August 2007,5-1/4%,September 2007,5%,-1/4%,3
2007-09-04,September 2007 Specific Maturities,20 years,August 2007,5-1/4%,September 2007,5%,-1/4%,4
2007-08-01,August 2007 Specific Maturities,1 year,July 2007,5%,August 2007,5%,unch,1
2007-08-01,August 2007 Specific Maturities,5 years,July 2007,5%,August 2007,5%,unch,2
2007-08-01,August 2007 Specific Maturities,15 years,July 2007,5-1/4%,August 2007,5-1/4%,unch,3
2007-08-01,August 2007 Specific Maturities,20 years,July 2007,5-1/4%,August 2007,5-1/4%,unch,4
2007-07-02,July 2007 Specific Maturities,1 year,June 2007,4-7/8%,July 2007,5%,+1/8,1
2007-07-02,July 2007 Specific Maturities,5 years,June 2007,4-5/8%,July 2007,5%,+3/8,2
2007-07-02,July 2007 Specific Maturities,15 years,June 2007,4-7/8%,July 2007,5-1/4%,+3/8,3
2007-07-02,July 2007 Specific Maturities,20 years,June 2007,4-7/8%,July 2007,5-1/4%,+3/8,4
2007-06-01,June 2007 Specific Maturities,1 year,May 2007,4-7/8%,June 2007,4-7/8%,unchanged,1
2007-06-01,June 2007 Specific Maturities,5 years,May 2007,4-5/8%,June 2007,4-5/8%,unchanged,2
2007-06-01,June 2007 Specific Maturities,15 years,May 2007,4-7/8%,June 2007,4-7/8%,unchanged,3
2007-06-01,June 2007 Specific Maturities,20 years,May 2007,4-7/8%,June 2007,4-7/8%,unchanged,4
2007-05-01,May 2007 Specific Maturities,1 year,April 2007,5%,May 2007,4-7/8%,-1/8%,1
2007-05-01,May 2007 Specific Maturities,5 years,April 2007,4-1/2%,May 2007,4-5/8%,+1/8%,2
2007-05-01,May 2007 Specific Maturities,15 years,April 2007,4-3/4%,May 2007,4-7/8%,+1/8%,3
2007-05-01,May 2007 Specific Maturities,20 years,April 2007,4-3/4%,May 2007,4-7/8%,+1/8%,4
2007-04-02,April 2007 Specific Maturities,1 year,March 2007,5-1/8%,April 2007,5%,-1/8%,1
2007-04-02,April 2007 Specific Maturities,5 years,March 2007,4-3/4%,April 2007,4-1/2%,-1/4%,2
2007-04-02,April 2007 Specific Maturities,15 years,March 2007,5%,April 2007,4-3/4 %,-1/4%,3
2007-04-02,April 2007 Specific Maturities,20 years,March 2007,5%,April 2007,4-3/4%,-1/4%,4
2007-03-01,March 2007 Specific Maturities,1 year,February 2007,5%,March 2007,5-1/8%,+1/8%,1
2007-03-01,March 2007 Specific Maturities,5 years,February 2007,4-5/8%,March 2007,4-3/4%,+1/8%,2
2007-03-01,March 2007 Specific Maturities,15 years,February 2007,4-7/8%,March 2007,5%,+1/8%,3
2007-03-01,March 2007 Specific Maturities,20 years,February 2007,4-7/8%,March 2007,5%,+1/8%,4
2007-02-01,February 2007 Specific Maturities,1 year,January 2007,5%,February 2007,5%,unchanged,1
2007-02-01,February 2007 Specific Maturities,5 years,January 2007,4-1/2%,February 2007,4-5/8%,+1/8%,2
2007-02-01,February 2007 Specific Maturities,15 years,January 2007,4-3/4%,February 2007,4-7/8%,+1/8%,3
2007-02-01,February 2007 Specific Maturities,20 years,January 2007,4-3/4%,February 2007,4-7/8%,+1/8%,4
2007-01-02,January 2007 Specific Maturities,1 year,December 2006,5%,January 2007,5%,unchanged,1
2007-01-02,January 2007 Specific Maturities,5 years,December 2006,4-5/8%,January 2007,4-1/2%,-1/8%,2
2007-01-02,January 2007 Specific Maturities,15 years,December 2006,4-7/8%,January 2007,4-3/4%,-1/8%,3
2007-01-02,January 2007 Specific Maturities,20 years,December 2006,4-7/8%,January 2007,4-3/4%,-1/8%,4
2006-12-01,December 2006 Specific Maturities,1 year,November 2006,5%,December 2006,5%,unchanged,1
2006-12-01,December 2006 Specific Maturities,5 years,November 2006,4-5/8%,December 2006,4-5/8%,unchanged,2
2006-12-01,December 2006 Specific Maturities,15 years,November 2006,4-7/8%,December 2006,4-7/8%,unchanged,3
2006-12-01,December 2006 Specific Maturities,20 years,November 2006,4-7/8%,December 2006,4-7/8%,unchanged,4
2006-11-01,November 2006 Specific Maturities,1 year,October 2006,5%,November 2006,5%,unchanged,1
2006-11-01,November 2006 Specific Maturities,5 years,October 2006,4-3/4%,November 2006,4-5/8%,-1/8%,2
2006-11-01,November 2006 Specific Maturities,15 years,October 2006,5%,November 2006,4-7/8%,-1/8%,3
2006-11-01,November 2006 Specific Maturities,20 years,October 2006,5%,November 2006,4-7/8%,-1/8%,4
2006-10-02,October 2006 Specific Maturities,1 year,September 2006,5-1/8%,October 2006,5%,-1/8%,1
2006-10-02,October 2006 Specific Maturities,5 years,September 2006,4-7/8%,October 2006,4-3/4%,-1/8%,2
2006-10-02,October 2006 Specific Maturities,15 years,September 2006,5-1/8%,October 2006,5%,-1/8%,3
2006-10-02,October 2006 Specific Maturities,20 years,September 2006,5-1/8%,October 2006,5%,-1/8%,4
